"","perform","leader","latest","fun","serious","bargain","value","trendy","rebuy","brand"
"1",2,4,8,8,2,9,7,4,6,"a"
"2",1,1,4,7,1,1,1,2,2,"a"
"3",2,3,5,9,2,9,5,1,6,"a"
"4",1,6,10,8,3,4,5,2,1,"a"
"5",1,1,5,8,1,9,9,1,1,"a"
"6",2,8,9,5,3,8,7,1,2,"a"
"7",1,1,5,7,1,5,1,1,1,"a"
"8",2,1,7,5,2,8,7,7,1,"a"
"9",2,1,8,10,1,7,7,5,1,"a"
"10",3,1,9,8,1,3,3,4,1,"a"
"11",2,1,5,6,1,1,1,1,2,"a"
"12",1,2,7,7,2,3,2,1,5,"a"
"13",3,3,10,10,1,3,3,3,3,"a"
"14",1,5,7,10,2,1,3,3,1,"a"
"15",3,1,3,6,1,3,4,4,2,"a"
"16",3,2,7,6,1,10,5,1,3,"a"
"17",2,1,6,7,2,1,3,5,1,"a"
"18",3,8,9,9,4,7,10,4,2,"a"
"19",2,5,10,8,2,6,10,5,2,"a"
"20",2,3,9,10,2,2,6,5,2,"a"
"21",2,2,7,8,1,5,7,3,2,"a"
"22",2,1,9,7,1,6,5,1,4,"a"
"23",1,1,6,7,2,3,2,8,2,"a"
"24",2,1,8,5,1,3,2,4,4,"a"
"25",1,2,10,10,2,2,3,6,4,"a"
"26",1,4,6,8,1,10,10,3,6,"a"
"27",1,7,10,7,3,1,6,4,1,"a"
"28",2,4,10,7,2,1,4,7,1,"a"
"29",1,1,9,6,1,2,1,6,1,"a"
"30",1,6,5,7,3,1,4,4,1,"a"
"31",1,1,9,10,1,7,2,2,1,"a"
"32",2,4,6,8,2,1,5,2,2,"a"
"33",1,7,7,7,3,2,5,8,2,"a"
"34",2,1,4,8,1,7,7,4,3,"a"
"35",2,4,10,7,2,5,6,7,2,"a"
"36",1,1,10,7,1,2,5,7,1,"a"
"37",1,3,9,10,2,10,8,4,3,"a"
"38",1,3,9,9,2,1,3,4,1,"a"
"39",1,6,4,6,3,3,6,1,1,"a"
"40",2,4,7,7,1,6,6,4,3,"a"
"41",2,1,10,7,1,1,2,3,1,"a"
"42",1,1,7,7,1,6,5,6,2,"a"
"43",1,7,6,6,3,2,1,7,1,"a"
"44",1,2,6,8,1,7,2,2,3,"a"
"45",1,1,4,10,1,9,6,1,6,"a"
"46",2,3,3,9,2,10,9,1,6,"a"
"47",1,3,4,7,2,9,7,1,3,"a"
"48",2,1,6,8,1,1,1,5,1,"a"
"49",3,10,7,8,3,4,1,1,3,"a"
"50",1,8,1,4,3,4,6,2,3,"a"
"51",1,1,7,9,1,6,6,3,2,"a"
"52",2,1,6,9,1,6,6,2,2,"a"
"53",2,1,10,10,1,6,7,3,1,"a"
"54",1,1,8,9,1,2,5,6,3,"a"
"55",2,5,10,10,3,7,5,4,1,"a"
"56",2,1,3,9,2,2,1,1,1,"a"
"57",1,2,10,9,1,5,5,6,1,"a"
"58",1,4,5,9,1,7,7,1,1,"a"
"59",1,1,10,5,1,1,3,3,2,"a"
"60",1,6,7,9,2,5,5,4,2,"a"
"61",1,2,6,9,1,5,3,3,3,"a"
"62",1,2,7,10,2,5,6,5,2,"a"
"63",1,6,8,6,3,5,6,5,1,"a"
"64",1,6,9,8,3,10,7,5,2,"a"
"65",1,2,10,8,2,4,3,6,1,"a"
"66",2,6,10,10,2,1,6,6,1,"a"
"67",1,5,6,9,3,5,4,2,1,"a"
"68",3,9,7,7,4,1,1,1,1,"a"
"69",2,4,8,7,2,10,7,3,2,"a"
"70",1,7,8,10,3,5,6,3,4,"a"
"71",1,1,9,7,1,8,4,4,7,"a"
"72",1,1,10,9,1,1,3,3,1,"a"
"73",2,1,8,7,1,1,3,2,2,"a"
"74",3,3,10,8,3,3,3,9,4,"a"
"75",1,1,7,6,1,7,6,3,3,"a"
"76",1,4,10,6,2,4,4,3,1,"a"
"77",2,1,10,8,2,2,3,9,2,"a"
"78",1,1,5,5,1,1,5,2,1,"a"
"79",3,5,10,10,2,10,7,8,1,"a"
"80",2,1,7,8,1,10,5,4,4,"a"
"81",1,4,8,6,2,1,5,9,1,"a"
"82",2,1,3,7,1,4,5,1,2,"a"
"83",4,5,6,8,2,10,7,2,1,"a"
"84",2,1,10,9,1,10,9,6,2,"a"
"85",2,4,10,7,3,5,7,6,1,"a"
"86",1,1,10,10,1,5,4,5,1,"a"
"87",1,2,8,6,1,3,4,1,2,"a"
"88",3,6,10,9,3,9,6,4,2,"a"
"89",3,1,8,6,2,7,7,3,5,"a"
"90",2,2,6,8,2,6,6,1,1,"a"
"91",2,3,9,8,2,1,1,5,2,"a"
"92",1,1,8,8,2,9,7,4,3,"a"
"93",2,4,5,6,2,9,8,1,2,"a"
"94",1,8,9,10,3,2,3,7,1,"a"
"95",1,1,10,9,1,1,1,10,1,"a"
"96",2,4,4,9,2,4,5,3,6,"a"
"97",2,3,8,9,2,9,6,4,4,"a"
"98",1,1,7,10,1,1,2,2,1,"a"
"99",3,1,10,10,1,3,1,4,3,"a"
"100",2,2,4,7,1,8,6,3,1,"a"
"101",10,6,8,3,7,1,2,3,5,"b"
"102",3,5,9,2,10,7,4,6,5,"b"
"103",1,1,7,1,6,7,5,5,2,"b"
"104",8,7,9,4,8,5,2,9,5,"b"
"105",8,10,10,3,10,10,5,6,7,"b"
"106",7,9,9,1,6,7,6,6,7,"b"
"107",10,7,9,1,10,6,4,7,4,"b"
"108",8,8,8,4,7,3,4,6,5,"b"
"109",9,7,9,3,5,2,5,10,3,"b"
"110",6,4,9,4,8,3,2,8,4,"b"
"111",9,5,9,2,9,6,6,10,7,"b"
"112",10,8,10,5,10,2,6,9,3,"b"
"113",3,7,8,8,10,2,1,4,3,"b"
"114",8,10,7,4,7,7,4,4,5,"b"
"115",10,8,7,3,7,6,8,4,6,"b"
"116",3,5,9,4,5,5,5,8,3,"b"
"117",1,3,8,5,4,2,5,8,4,"b"
"118",10,8,7,2,10,5,4,6,4,"b"
"119",8,7,8,4,5,3,8,10,3,"b"
"120",10,8,9,4,10,3,4,5,3,"b"
"121",4,4,7,5,1,1,7,6,4,"b"
"122",9,9,9,3,8,6,4,6,4,"b"
"123",4,5,7,2,9,4,3,6,6,"b"
"124",6,8,6,3,6,4,7,5,3,"b"
"125",5,8,6,2,4,2,5,7,2,"b"
"126",9,7,9,7,10,6,5,8,4,"b"
"127",10,7,9,4,10,1,1,7,5,"b"
"128",8,8,8,6,3,2,5,6,6,"b"
"129",10,7,10,4,10,5,6,8,6,"b"
"130",7,7,8,5,4,7,7,6,4,"b"
"131",10,8,9,4,8,2,4,6,7,"b"
"132",4,6,7,2,10,5,4,7,2,"b"
"133",6,9,8,3,10,5,6,6,3,"b"
"134",6,8,10,4,9,1,3,8,4,"b"
"135",1,6,9,3,10,6,7,8,6,"b"
"136",9,7,8,1,8,5,5,6,3,"b"
"137",10,7,9,5,8,10,7,9,5,"b"
"138",10,8,8,3,7,1,1,10,4,"b"
"139",10,4,10,4,6,5,4,6,6,"b"
"140",7,5,9,2,9,4,7,10,6,"b"
"141",10,10,9,4,9,1,3,8,2,"b"
"142",5,7,8,6,5,1,4,5,4,"b"
"143",10,10,9,1,5,5,6,5,4,"b"
"144",8,8,10,5,9,4,3,10,4,"b"
"145",1,4,9,4,9,5,4,7,4,"b"
"146",10,8,9,3,10,6,5,9,6,"b"
"147",10,10,9,5,10,9,5,7,6,"b"
"148",8,6,7,4,9,10,10,9,6,"b"
"149",4,6,9,2,7,1,3,6,3,"b"
"150",10,8,8,2,9,10,5,8,5,"b"
"151",6,7,8,4,7,5,7,7,3,"b"
"152",4,7,10,4,10,4,4,6,4,"b"
"153",4,7,9,7,9,1,4,5,3,"b"
"154",7,8,7,4,10,5,5,7,3,"b"
"155",1,3,9,2,3,7,3,8,4,"b"
"156",10,7,7,2,8,1,4,9,4,"b"
"157",10,7,9,4,8,5,4,10,5,"b"
"158",8,8,7,2,3,3,6,8,6,"b"
"159",6,7,9,4,10,2,8,9,6,"b"
"160",3,6,7,3,7,4,5,5,3,"b"
"161",10,6,8,1,8,3,4,7,4,"b"
"162",4,5,8,1,3,1,1,7,3,"b"
"163",8,7,7,1,6,5,4,8,6,"b"
"164",10,10,9,2,5,8,5,8,7,"b"
"165",7,9,9,2,8,5,5,6,4,"b"
"166",10,8,9,5,10,1,3,3,3,"b"
"167",5,8,10,3,8,2,5,9,4,"b"
"168",1,6,8,4,2,5,9,8,3,"b"
"169",10,10,9,1,7,4,1,10,5,"b"
"170",10,9,10,8,9,8,7,4,3,"b"
"171",10,5,7,3,4,4,2,6,3,"b"
"172",9,6,8,3,10,3,3,10,3,"b"
"173",7,10,9,4,10,3,4,7,4,"b"
"174",10,9,8,2,8,6,4,7,5,"b"
"175",8,6,10,5,9,1,1,10,4,"b"
"176",5,10,7,3,9,8,7,6,5,"b"
"177",8,6,7,1,9,2,5,4,2,"b"
"178",10,4,7,1,7,3,4,10,7,"b"
"179",10,9,10,2,5,1,5,9,4,"b"
"180",9,6,9,1,4,6,8,5,4,"b"
"181",10,8,7,5,7,4,4,9,4,"b"
"182",10,9,8,1,9,5,4,7,5,"b"
"183",10,7,10,5,10,7,4,6,4,"b"
"184",10,9,8,2,7,10,7,4,5,"b"
"185",10,8,9,4,9,2,1,7,6,"b"
"186",10,7,9,5,10,7,7,6,4,"b"
"187",10,7,9,8,10,5,8,9,4,"b"
"188",7,7,8,2,10,5,4,10,3,"b"
"189",6,7,9,2,6,3,5,9,4,"b"
"190",4,6,9,5,9,5,5,7,5,"b"
"191",5,7,8,3,9,8,6,7,7,"b"
"192",10,10,9,2,7,1,4,8,5,"b"
"193",8,8,9,1,7,7,4,7,4,"b"
"194",10,8,7,6,7,3,6,9,4,"b"
"195",4,4,9,3,3,8,8,9,5,"b"
"196",10,9,9,4,8,5,5,9,3,"b"
"197",10,8,7,5,8,1,3,10,2,"b"
"198",9,10,10,5,8,1,2,7,5,"b"
"199",8,9,9,1,8,5,7,10,4,"b"
"200",3,9,7,7,7,3,3,8,4,"b"
"201",4,7,6,1,10,3,4,7,4,"c"
"202",4,7,4,6,10,2,2,6,4,"c"
"203",6,8,2,6,9,4,5,5,3,"c"
"204",5,8,3,7,8,1,2,2,2,"c"
"205",4,6,3,3,4,4,4,3,3,"c"
"206",2,8,5,5,10,3,4,2,6,"c"
"207",7,9,6,2,9,3,5,4,3,"c"
"208",5,8,7,7,9,5,5,8,6,"c"
"209",2,8,8,3,10,1,3,5,4,"c"
"210",4,5,4,1,10,1,2,4,2,"c"
"211",8,8,6,8,9,1,4,6,5,"c"
"212",9,7,7,3,7,4,3,10,5,"c"
"213",10,7,10,7,4,3,3,4,4,"c"
"214",8,7,4,1,7,3,4,5,2,"c"
"215",7,10,5,9,10,3,3,1,4,"c"
"216",9,6,5,1,8,6,5,6,2,"c"
"217",7,7,1,1,6,2,3,4,4,"c"
"218",8,9,7,1,8,2,4,5,3,"c"
"219",4,8,8,5,7,1,3,4,2,"c"
"220",10,9,1,6,10,4,4,1,2,"c"
"221",3,6,8,1,6,1,1,7,4,"c"
"222",5,6,5,3,5,2,4,2,5,"c"
"223",7,10,8,1,10,4,4,5,2,"c"
"224",6,9,4,2,10,2,4,6,2,"c"
"225",9,8,7,10,8,1,2,6,4,"c"
"226",2,6,5,1,7,5,5,2,3,"c"
"227",10,10,1,3,8,4,3,8,4,"c"
"228",5,8,1,7,9,4,3,4,4,"c"
"229",7,6,10,6,3,4,6,2,4,"c"
"230",6,6,7,8,7,1,3,7,3,"c"
"231",6,7,10,6,6,1,2,6,3,"c"
"232",7,7,4,4,9,1,2,6,2,"c"
"233",6,5,10,9,1,2,2,6,1,"c"
"234",5,7,6,4,5,1,2,7,2,"c"
"235",10,9,10,7,6,2,2,5,2,"c"
"236",8,10,7,1,10,3,3,6,3,"c"
"237",9,9,4,4,10,2,6,4,4,"c"
"238",7,7,1,4,9,3,1,3,3,"c"
"239",7,4,8,2,7,3,3,5,5,"c"
"240",10,8,6,4,10,1,2,6,2,"c"
"241",9,5,5,1,7,4,3,5,3,"c"
"242",6,6,8,1,9,1,2,7,3,"c"
"243",7,7,4,5,4,1,3,5,3,"c"
"244",10,8,8,1,9,3,3,8,4,"c"
"245",9,8,7,8,5,1,5,3,4,"c"
"246",9,7,9,10,10,2,3,9,4,"c"
"247",10,10,3,2,6,2,2,3,4,"c"
"248",9,7,5,2,9,5,2,7,5,"c"
"249",6,8,10,5,10,6,5,9,4,"c"
"250",9,7,4,6,10,2,4,7,5,"c"
"251",3,5,1,1,5,1,1,3,5,"c"
"252",5,7,1,4,5,4,3,7,4,"c"
"253",5,6,3,1,9,2,4,6,5,"c"
"254",5,7,10,4,10,4,5,10,4,"c"
"255",10,10,5,3,7,5,5,3,4,"c"
"256",10,9,9,3,7,2,3,7,3,"c"
"257",10,10,1,6,8,1,1,6,2,"c"
"258",8,9,5,1,10,3,5,3,2,"c"
"259",5,8,10,3,5,5,6,4,3,"c"
"260",10,9,6,1,1,2,4,4,3,"c"
"261",3,4,10,1,8,1,2,9,4,"c"
"262",5,7,9,3,5,2,4,5,3,"c"
"263",7,10,5,1,10,5,4,5,4,"c"
"264",6,7,6,3,10,1,2,8,4,"c"
"265",8,6,1,4,7,3,1,4,1,"c"
"266",7,6,8,6,6,4,3,4,2,"c"
"267",4,6,7,6,8,5,3,9,5,"c"
"268",10,10,7,3,10,4,4,3,4,"c"
"269",4,8,3,7,10,3,2,4,4,"c"
"270",5,5,3,1,6,5,5,3,2,"c"
"271",9,9,8,5,9,1,3,5,3,"c"
"272",10,9,5,1,9,2,3,5,5,"c"
"273",7,7,8,7,9,1,1,6,2,"c"
"274",7,9,7,1,8,6,4,6,3,"c"
"275",8,10,5,1,7,2,5,3,4,"c"
"276",4,10,5,4,10,2,2,5,4,"c"
"277",7,6,9,8,8,2,4,4,2,"c"
"278",7,9,3,1,5,3,4,8,4,"c"
"279",7,9,7,1,7,1,3,7,2,"c"
"280",5,7,8,9,9,3,4,5,6,"c"
"281",7,7,1,5,9,2,2,3,2,"c"
"282",5,5,7,1,10,2,2,4,4,"c"
"283",8,8,6,4,7,1,4,5,4,"c"
"284",8,7,10,7,6,3,2,8,4,"c"
"285",10,7,3,1,9,1,1,5,1,"c"
"286",5,7,9,5,10,3,3,5,3,"c"
"287",5,6,5,2,8,2,3,6,3,"c"
"288",3,7,10,1,8,1,3,8,3,"c"
"289",7,3,4,6,9,1,3,3,2,"c"
"290",4,7,10,1,10,6,5,7,4,"c"
"291",1,4,10,1,5,4,2,9,3,"c"
"292",6,6,1,1,2,2,3,2,1,"c"
"293",7,9,10,7,5,5,4,10,4,"c"
"294",7,6,4,2,10,1,1,4,2,"c"
"295",5,8,3,2,7,3,4,1,6,"c"
"296",7,8,10,1,7,3,4,8,3,"c"
"297",5,9,6,6,6,4,5,5,5,"c"
"298",7,9,4,4,9,3,5,5,4,"c"
"299",5,9,6,2,10,1,4,6,4,"c"
"300",2,6,7,5,7,1,4,6,3,"c"
"301",1,1,10,5,1,1,2,10,2,"d"
"302",1,1,10,7,1,2,3,9,1,"d"
"303",1,1,1,5,1,1,1,5,4,"d"
"304",1,4,10,6,1,1,1,8,1,"d"
"305",7,2,10,8,1,5,5,8,4,"d"
"306",5,4,10,8,4,1,2,6,1,"d"
"307",1,5,10,8,1,1,2,9,5,"d"
"308",3,6,3,6,5,2,4,6,2,"d"
"309",3,3,10,6,2,1,3,8,4,"d"
"310",1,1,9,5,3,1,3,10,4,"d"
"311",7,1,2,9,1,5,2,3,8,"d"
"312",1,2,10,5,1,3,2,6,2,"d"
"313",1,1,8,7,8,2,2,6,2,"d"
"314",3,3,5,5,2,1,4,6,1,"d"
"315",1,3,8,5,3,3,3,5,1,"d"
"316",7,6,2,8,1,4,4,7,1,"d"
"317",1,5,6,3,1,4,2,9,3,"d"
"318",1,3,1,5,1,1,1,6,7,"d"
"319",1,4,10,10,1,1,1,9,1,"d"
"320",4,4,1,4,1,1,2,8,2,"d"
"321",1,1,1,2,1,1,2,5,4,"d"
"322",1,1,1,5,1,3,4,6,2,"d"
"323",1,1,5,6,1,1,1,7,1,"d"
"324",1,5,5,5,6,1,2,3,1,"d"
"325",1,1,10,5,2,1,3,7,2,"d"
"326",4,2,9,8,2,2,3,5,1,"d"
"327",3,1,9,8,4,1,1,10,1,"d"
"328",1,6,10,9,8,1,1,10,1,"d"
"329",1,1,10,7,3,4,1,6,6,"d"
"330",1,3,8,6,1,1,1,7,6,"d"
"331",1,1,10,8,2,3,3,8,2,"d"
"332",1,1,10,5,1,1,1,10,1,"d"
"333",1,1,10,9,1,1,1,7,4,"d"
"334",1,2,9,7,3,1,1,4,1,"d"
"335",2,1,10,5,4,1,1,10,1,"d"
"336",7,5,3,4,6,1,1,6,1,"d"
"337",1,3,7,9,4,1,1,7,3,"d"
"338",1,2,10,10,2,2,2,9,5,"d"
"339",2,1,10,5,1,4,3,8,3,"d"
"340",1,1,10,7,3,2,2,8,5,"d"
"341",1,1,10,9,5,3,3,7,1,"d"
"342",1,5,3,5,5,3,4,6,4,"d"
"343",7,1,2,7,1,1,2,3,1,"d"
"344",1,4,5,7,3,1,1,9,2,"d"
"345",1,6,9,8,1,1,1,9,3,"d"
"346",1,6,10,7,1,1,2,9,1,"d"
"347",1,2,6,9,1,3,2,7,2,"d"
"348",1,3,10,8,2,1,1,10,1,"d"
"349",1,5,7,6,1,1,1,6,2,"d"
"350",1,2,10,7,2,1,1,9,1,"d"
"351",2,3,8,6,1,1,2,7,4,"d"
"352",1,1,1,6,1,4,5,3,1,"d"
"353",1,1,5,5,3,1,1,7,5,"d"
"354",1,5,3,5,1,4,2,6,5,"d"
"355",3,3,10,6,8,2,2,7,1,"d"
"356",1,1,10,7,1,1,1,6,4,"d"
"357",1,1,10,5,4,6,3,6,1,"d"
"358",1,3,3,5,4,1,3,6,1,"d"
"359",1,3,10,6,1,1,1,10,1,"d"
"360",1,1,10,8,1,2,1,10,5,"d"
"361",2,5,10,8,2,1,3,9,2,"d"
"362",1,3,10,6,3,2,3,5,2,"d"
"363",3,2,10,8,1,2,2,8,5,"d"
"364",1,8,8,5,1,1,1,5,2,"d"
"365",1,7,10,7,1,2,4,9,2,"d"
"366",4,3,9,7,1,2,4,10,1,"d"
"367",5,5,10,8,2,4,2,10,3,"d"
"368",4,1,10,5,1,1,1,10,1,"d"
"369",10,3,7,8,5,1,1,7,1,"d"
"370",1,1,10,7,1,1,1,5,4,"d"
"371",1,1,5,6,1,1,2,7,1,"d"
"372",1,4,1,6,2,1,3,7,2,"d"
"373",7,4,10,5,3,1,3,10,2,"d"
"374",2,2,10,8,3,3,5,9,2,"d"
"375",1,2,10,8,3,1,1,7,1,"d"
"376",4,4,10,8,3,1,2,9,8,"d"
"377",3,2,7,10,2,3,2,8,3,"d"
"378",1,4,7,6,1,1,1,9,1,"d"
"379",1,1,8,9,3,1,1,10,1,"d"
"380",6,1,4,6,5,4,3,6,1,"d"
"381",1,3,8,8,3,1,1,9,2,"d"
"382",1,2,3,6,1,1,2,4,1,"d"
"383",5,5,1,7,1,4,3,5,1,"d"
"384",1,1,1,6,1,3,3,3,2,"d"
"385",2,2,1,7,1,4,3,9,1,"d"
"386",3,4,7,6,1,2,3,6,4,"d"
"387",1,3,9,7,1,1,2,7,1,"d"
"388",1,1,4,5,2,3,1,5,2,"d"
"389",1,6,10,5,4,4,4,9,4,"d"
"390",3,1,8,10,1,3,1,9,2,"d"
"391",8,5,8,6,4,2,1,6,1,"d"
"392",8,6,10,7,3,4,3,9,3,"d"
"393",3,6,1,3,3,1,2,5,6,"d"
"394",1,5,10,9,2,1,3,8,3,"d"
"395",6,8,10,6,6,3,3,10,4,"d"
"396",1,1,5,4,5,1,2,3,3,"d"
"397",7,5,1,6,2,1,2,2,3,"d"
"398",1,1,10,7,3,3,1,5,3,"d"
"399",3,1,10,7,5,1,1,10,2,"d"
"400",2,1,10,8,4,1,1,10,1,"d"
"401",4,5,4,4,4,4,3,6,3,"e"
"402",1,4,5,6,5,4,5,4,2,"e"
"403",1,3,9,8,4,5,8,6,4,"e"
"404",2,4,7,4,3,7,5,5,2,"e"
"405",1,5,5,7,6,7,5,7,1,"e"
"406",1,1,10,7,4,7,6,8,1,"e"
"407",1,6,10,9,3,9,8,5,1,"e"
"408",2,5,6,6,3,5,2,4,4,"e"
"409",1,4,6,2,4,9,8,4,2,"e"
"410",1,4,4,4,4,5,3,2,3,"e"
"411",8,6,7,3,4,6,6,5,3,"e"
"412",4,5,5,4,5,5,4,4,5,"e"
"413",2,5,9,9,3,6,5,5,1,"e"
"414",1,3,4,9,2,1,6,5,7,"e"
"415",9,10,10,8,5,6,5,7,9,"e"
"416",1,5,7,4,6,4,2,6,5,"e"
"417",1,4,10,7,2,6,6,7,4,"e"
"418",4,5,10,6,2,9,6,5,5,"e"
"419",1,3,8,7,4,8,6,6,4,"e"
"420",1,9,7,5,6,6,4,3,4,"e"
"421",8,7,7,5,7,7,4,6,5,"e"
"422",2,9,5,6,4,4,8,5,1,"e"
"423",8,10,7,10,7,6,7,6,7,"e"
"424",1,3,9,9,3,7,6,5,2,"e"
"425",1,2,10,8,5,9,7,6,3,"e"
"426",3,4,8,6,6,8,4,5,5,"e"
"427",2,2,5,7,2,6,6,4,5,"e"
"428",1,4,10,2,4,9,5,6,7,"e"
"429",1,3,3,7,6,6,4,4,3,"e"
"430",1,1,7,5,3,6,6,6,6,"e"
"431",1,5,7,5,6,9,8,4,7,"e"
"432",1,3,9,6,4,8,5,7,6,"e"
"433",3,7,8,10,4,8,7,6,7,"e"
"434",4,6,7,6,6,7,5,6,7,"e"
"435",2,4,10,6,6,6,4,6,4,"e"
"436",3,6,9,8,2,5,3,6,2,"e"
"437",3,5,5,6,4,3,4,4,2,"e"
"438",8,7,10,6,7,5,6,8,3,"e"
"439",1,9,9,5,7,8,7,6,4,"e"
"440",8,9,2,4,3,6,6,5,1,"e"
"441",1,6,1,6,4,4,5,3,1,"e"
"442",2,1,2,6,4,6,10,3,2,"e"
"443",1,6,10,10,5,5,6,8,1,"e"
"444",1,5,9,10,1,8,8,7,5,"e"
"445",6,2,6,4,2,3,5,4,4,"e"
"446",1,3,6,7,4,6,5,6,1,"e"
"447",1,4,2,5,4,7,4,3,5,"e"
"448",5,4,10,6,4,6,5,6,3,"e"
"449",1,3,8,9,3,2,5,3,7,"e"
"450",1,6,10,9,6,7,6,7,4,"e"
"451",6,2,10,10,5,8,10,8,3,"e"
"452",8,8,3,3,6,2,4,5,5,"e"
"453",1,3,10,7,4,4,2,6,1,"e"
"454",1,8,10,4,3,6,3,9,4,"e"
"455",3,5,9,7,2,4,3,5,6,"e"
"456",1,8,10,10,5,5,5,8,8,"e"
"457",1,3,9,9,6,6,4,6,1,"e"
"458",7,6,10,10,5,5,7,5,10,"e"
"459",5,6,7,1,5,6,7,6,2,"e"
"460",1,3,10,6,4,7,5,6,3,"e"
"461",4,7,10,10,8,6,7,7,9,"e"
"462",8,4,5,9,5,6,6,2,10,"e"
"463",8,7,6,9,3,6,6,5,9,"e"
"464",2,2,6,10,3,3,6,6,4,"e"
"465",6,6,8,7,6,4,3,8,1,"e"
"466",7,7,10,7,3,5,6,4,1,"e"
"467",1,3,9,7,5,7,5,7,5,"e"
"468",3,4,3,4,5,3,2,3,4,"e"
"469",2,5,8,10,5,7,3,5,3,"e"
"470",1,4,10,7,8,4,4,6,1,"e"
"471",1,6,9,8,3,5,5,7,5,"e"
"472",3,5,10,8,4,3,3,9,2,"e"
"473",1,6,10,10,3,2,5,7,1,"e"
"474",4,8,6,10,7,8,8,4,10,"e"
"475",1,8,8,7,6,3,6,5,1,"e"
"476",5,1,10,10,3,4,5,8,1,"e"
"477",1,6,5,7,3,5,4,4,2,"e"
"478",6,7,10,9,6,6,5,7,4,"e"
"479",2,7,3,5,5,9,8,4,1,"e"
"480",1,7,10,8,4,4,6,5,10,"e"
"481",1,5,10,8,6,4,4,6,1,"e"
"482",3,3,5,5,4,2,6,4,6,"e"
"483",4,5,10,10,4,3,3,7,2,"e"
"484",1,7,9,10,8,5,5,6,3,"e"
"485",1,1,3,2,4,4,6,4,2,"e"
"486",1,3,10,6,4,3,2,6,1,"e"
"487",2,1,4,9,4,7,4,4,5,"e"
"488",1,5,5,5,6,6,4,4,4,"e"
"489",1,3,10,5,4,6,6,5,5,"e"
"490",3,3,10,6,5,3,6,5,1,"e"
"491",1,5,3,7,4,9,8,4,2,"e"
"492",3,4,7,6,6,5,4,6,6,"e"
"493",2,5,10,9,4,6,7,7,7,"e"
"494",1,8,10,6,6,7,8,8,3,"e"
"495",3,4,10,10,3,9,6,6,6,"e"
"496",5,5,9,8,4,8,7,7,1,"e"
"497",2,3,10,10,4,9,4,8,2,"e"
"498",1,8,7,7,5,6,6,3,2,"e"
"499",1,4,10,8,2,6,6,10,2,"e"
"500",1,6,10,4,5,6,5,8,4,"e"
"501",4,8,1,8,8,7,9,1,9,"f"
"502",4,7,1,5,5,8,9,3,8,"f"
"503",7,6,1,10,8,6,7,1,7,"f"
"504",8,7,3,5,8,4,5,4,8,"f"
"505",8,6,5,10,10,7,6,1,8,"f"
"506",5,5,1,3,4,6,5,1,6,"f"
"507",10,8,1,7,10,6,6,3,9,"f"
"508",10,7,1,5,3,7,5,4,6,"f"
"509",4,5,1,1,10,4,9,1,6,"f"
"510",2,4,2,1,1,6,6,1,6,"f"
"511",2,3,6,7,5,7,8,1,6,"f"
"512",7,6,3,6,3,7,4,1,5,"f"
"513",4,9,4,2,5,8,7,7,10,"f"
"514",7,7,2,8,7,6,7,2,8,"f"
"515",6,4,1,9,8,7,4,7,9,"f"
"516",6,5,6,1,3,7,5,3,6,"f"
"517",1,2,1,10,1,7,8,1,8,"f"
"518",5,6,1,3,6,7,3,5,8,"f"
"519",6,6,4,10,6,6,6,3,6,"f"
"520",3,5,3,4,10,5,5,1,4,"f"
"521",1,7,1,10,2,7,9,1,6,"f"
"522",1,4,5,10,7,6,5,4,4,"f"
"523",2,4,1,3,4,6,9,10,8,"f"
"524",5,8,1,8,7,5,7,1,4,"f"
"525",8,10,4,4,5,5,9,2,7,"f"
"526",1,3,3,5,1,6,8,1,9,"f"
"527",4,7,1,2,7,5,6,3,7,"f"
"528",6,4,1,4,3,8,8,6,8,"f"
"529",7,5,2,10,3,7,6,1,8,"f"
"530",1,6,3,8,5,9,8,2,7,"f"
"531",1,2,1,7,10,6,7,2,9,"f"
"532",7,7,1,10,10,5,7,1,5,"f"
"533",2,3,1,2,5,7,6,1,7,"f"
"534",10,4,1,6,10,7,8,1,9,"f"
"535",8,8,5,4,10,9,9,2,9,"f"
"536",2,2,2,3,4,7,7,1,6,"f"
"537",6,3,2,7,5,2,6,5,6,"f"
"538",8,6,1,10,4,6,4,1,7,"f"
"539",9,6,3,3,7,6,10,2,9,"f"
"540",2,4,3,9,4,8,6,6,7,"f"
"541",9,7,3,5,8,9,6,10,8,"f"
"542",6,7,3,10,4,7,9,4,5,"f"
"543",2,3,1,3,1,8,10,2,10,"f"
"544",2,3,1,3,2,7,7,3,10,"f"
"545",7,6,1,7,4,4,6,3,8,"f"
"546",3,4,5,1,10,8,8,5,8,"f"
"547",7,6,4,7,5,7,8,1,8,"f"
"548",5,5,1,7,3,8,5,4,5,"f"
"549",5,6,1,1,7,6,7,4,8,"f"
"550",2,6,2,7,6,6,3,1,9,"f"
"551",1,6,4,6,5,4,4,1,6,"f"
"552",4,8,2,6,5,8,7,5,9,"f"
"553",1,6,5,3,10,7,3,6,7,"f"
"554",4,6,1,2,2,2,3,1,5,"f"
"555",1,4,1,2,1,6,8,1,8,"f"
"556",1,3,3,2,10,4,8,1,5,"f"
"557",5,6,2,9,1,9,8,3,10,"f"
"558",10,6,3,3,9,6,7,5,4,"f"
"559",3,3,1,10,9,8,5,2,4,"f"
"560",7,5,3,3,10,6,9,1,6,"f"
"561",6,3,5,5,6,5,4,2,8,"f"
"562",5,6,1,2,5,8,10,1,5,"f"
"563",3,4,1,6,4,9,10,5,9,"f"
"564",5,5,4,6,7,6,5,3,7,"f"
"565",5,5,3,4,4,6,5,1,8,"f"
"566",5,5,4,3,6,9,10,1,9,"f"
"567",10,6,2,2,3,8,9,3,10,"f"
"568",4,4,1,9,10,9,8,3,8,"f"
"569",1,8,1,4,10,6,7,4,8,"f"
"570",1,3,2,8,10,5,5,6,7,"f"
"571",4,4,6,4,6,9,10,1,10,"f"
"572",4,1,1,4,5,7,3,6,7,"f"
"573",3,5,1,9,8,7,7,1,7,"f"
"574",6,5,5,8,3,8,8,4,7,"f"
"575",3,3,5,1,9,8,8,4,8,"f"
"576",2,3,5,9,10,5,6,3,6,"f"
"577",2,5,1,2,1,7,7,3,6,"f"
"578",8,3,2,6,5,5,7,1,7,"f"
"579",1,4,6,2,8,6,5,7,6,"f"
"580",2,3,6,10,8,7,7,1,6,"f"
"581",8,6,2,5,4,4,6,4,6,"f"
"582",1,5,1,6,10,10,7,5,8,"f"
"583",1,7,1,3,5,6,6,2,8,"f"
"584",1,4,2,5,7,7,8,4,7,"f"
"585",2,4,1,4,7,7,8,3,6,"f"
"586",1,4,3,6,7,7,8,4,4,"f"
"587",1,2,1,7,3,6,6,8,7,"f"
"588",1,3,1,2,6,10,8,2,7,"f"
"589",4,6,1,6,6,10,8,5,9,"f"
"590",4,7,3,7,6,9,9,2,8,"f"
"591",4,8,1,8,6,5,4,1,7,"f"
"592",1,3,4,10,9,7,8,3,6,"f"
"593",6,6,2,6,6,7,5,5,9,"f"
"594",3,6,1,5,7,7,8,4,8,"f"
"595",7,5,1,10,6,5,6,4,6,"f"
"596",4,5,2,3,5,4,3,5,4,"f"
"597",2,3,1,2,5,7,9,6,6,"f"
"598",1,3,1,4,6,6,7,2,10,"f"
"599",3,5,1,6,1,8,8,2,7,"f"
"600",10,10,2,1,10,2,6,1,8,"f"
"601",8,3,1,4,3,5,6,2,5,"g"
"602",9,5,4,3,3,6,6,3,9,"g"
"603",10,4,2,2,2,4,7,2,5,"g"
"604",4,1,1,3,3,8,10,1,10,"g"
"605",9,4,2,6,4,7,7,2,6,"g"
"606",10,7,6,6,5,2,5,3,8,"g"
"607",8,5,1,1,1,8,8,1,10,"g"
"608",10,6,2,7,5,5,4,2,5,"g"
"609",8,4,1,4,3,7,6,2,10,"g"
"610",7,3,2,10,3,7,8,2,6,"g"
"611",10,5,1,2,1,9,6,1,9,"g"
"612",2,1,1,3,1,7,8,1,3,"g"
"613",8,5,1,7,2,6,9,2,8,"g"
"614",7,7,1,1,4,9,9,1,10,"g"
"615",10,1,1,4,3,5,4,1,7,"g"
"616",10,7,1,7,3,8,7,1,7,"g"
"617",2,1,1,5,5,7,7,1,7,"g"
"618",9,4,1,8,1,4,5,1,7,"g"
"619",9,8,3,6,1,9,8,1,10,"g"
"620",5,1,1,5,2,9,8,1,10,"g"
"621",8,6,1,5,1,4,4,3,4,"g"
"622",8,6,1,7,1,7,8,2,5,"g"
"623",6,2,3,5,5,7,9,1,8,"g"
"624",9,3,3,3,4,8,8,1,10,"g"
"625",7,8,2,4,3,7,7,2,6,"g"
"626",10,1,3,5,1,9,8,2,9,"g"
"627",9,6,3,1,5,6,7,1,3,"g"
"628",6,8,2,6,1,9,9,1,9,"g"
"629",9,8,3,5,4,2,6,2,7,"g"
"630",5,1,1,9,1,6,6,1,8,"g"
"631",8,5,1,2,4,4,5,2,7,"g"
"632",10,4,1,4,1,5,7,2,2,"g"
"633",8,7,1,3,3,8,10,2,9,"g"
"634",10,5,1,6,6,9,9,1,8,"g"
"635",3,3,6,6,3,4,7,2,7,"g"
"636",7,7,1,2,3,6,6,1,6,"g"
"637",10,4,1,7,3,5,8,2,10,"g"
"638",10,1,3,6,2,3,6,4,5,"g"
"639",10,1,4,1,1,8,8,2,7,"g"
"640",10,5,3,1,3,8,7,1,9,"g"
"641",2,1,1,4,1,6,8,1,9,"g"
"642",10,4,1,4,3,5,6,1,7,"g"
"643",7,2,1,5,2,6,8,1,5,"g"
"644",10,8,4,6,6,6,8,1,8,"g"
"645",1,1,2,5,3,5,7,2,9,"g"
"646",6,1,1,3,3,4,6,1,6,"g"
"647",1,1,1,2,1,6,6,1,9,"g"
"648",4,3,2,1,2,5,6,1,7,"g"
"649",10,3,6,3,3,8,7,3,6,"g"
"650",3,1,3,2,3,6,8,2,3,"g"
"651",5,4,1,4,2,9,8,1,7,"g"
"652",2,1,4,7,1,7,7,4,5,"g"
"653",7,8,3,4,6,8,9,2,7,"g"
"654",10,4,2,6,2,7,7,2,5,"g"
"655",10,7,1,4,4,10,10,1,10,"g"
"656",1,1,1,6,1,7,7,1,10,"g"
"657",8,4,8,9,5,5,6,4,8,"g"
"658",10,3,1,3,2,4,6,1,6,"g"
"659",8,4,4,3,3,9,7,3,10,"g"
"660",10,6,2,6,5,5,8,2,8,"g"
"661",5,1,2,4,1,4,6,2,6,"g"
"662",7,1,1,1,1,8,8,1,10,"g"
"663",10,7,2,3,5,3,6,1,9,"g"
"664",3,6,2,5,1,6,9,1,8,"g"
"665",10,3,2,7,3,9,8,1,8,"g"
"666",10,5,1,2,4,6,7,1,5,"g"
"667",10,6,1,1,1,7,8,1,10,"g"
"668",9,6,4,7,3,9,8,2,6,"g"
"669",4,8,2,9,4,4,5,1,8,"g"
"670",10,2,2,10,5,10,10,3,7,"g"
"671",10,6,1,8,3,6,7,1,6,"g"
"672",6,3,5,5,4,10,9,4,8,"g"
"673",5,3,1,5,3,8,9,1,6,"g"
"674",9,1,1,2,2,9,8,1,10,"g"
"675",8,2,4,4,2,5,6,2,8,"g"
"676",9,5,2,2,2,9,8,2,9,"g"
"677",10,4,2,5,2,10,10,1,7,"g"
"678",3,3,3,4,2,9,9,1,6,"g"
"679",9,2,5,10,2,5,7,3,10,"g"
"680",3,2,1,7,5,7,8,2,6,"g"
"681",10,4,1,6,4,7,7,2,9,"g"
"682",10,9,7,6,3,6,7,3,9,"g"
"683",7,4,3,9,1,8,9,1,6,"g"
"684",10,4,5,3,7,9,8,3,8,"g"
"685",4,6,2,3,1,6,10,2,9,"g"
"686",10,4,1,5,1,8,7,3,9,"g"
"687",1,1,3,8,2,7,7,2,5,"g"
"688",10,6,1,3,5,5,6,1,4,"g"
"689",6,2,1,4,2,4,7,1,6,"g"
"690",10,7,3,1,2,6,7,1,6,"g"
"691",9,1,4,2,4,7,8,1,7,"g"
"692",10,9,4,8,7,6,8,4,4,"g"
"693",5,5,3,5,6,6,6,1,4,"g"
"694",5,1,1,1,2,7,8,1,8,"g"
"695",6,6,1,3,1,10,8,1,8,"g"
"696",10,2,4,7,3,5,6,2,5,"g"
"697",7,1,2,8,3,9,9,4,9,"g"
"698",10,1,1,6,2,5,5,1,5,"g"
"699",3,4,1,1,3,9,10,1,7,"g"
"700",7,5,5,6,2,6,8,4,2,"g"
"701",4,3,7,8,2,3,1,6,1,"h"
"702",6,4,9,9,5,2,4,9,4,"h"
"703",8,4,10,10,3,2,2,10,1,"h"
"704",8,1,7,6,3,3,6,7,1,"h"
"705",5,6,10,10,6,3,2,8,2,"h"
"706",2,4,6,8,5,2,3,7,1,"h"
"707",1,3,8,5,4,1,1,5,2,"h"
"708",9,3,7,10,4,1,1,7,1,"h"
"709",2,1,5,10,3,2,1,6,1,"h"
"710",2,4,7,9,3,1,2,10,3,"h"
"711",1,1,9,7,4,4,6,8,2,"h"
"712",2,1,7,8,4,2,3,8,2,"h"
"713",5,5,5,10,4,1,2,4,1,"h"
"714",4,5,8,8,3,1,1,10,3,"h"
"715",7,5,7,10,3,3,1,6,2,"h"
"716",6,1,10,9,4,2,1,5,1,"h"
"717",1,1,7,10,4,1,3,10,4,"h"
"718",1,5,5,5,4,1,1,8,1,"h"
"719",4,1,10,7,5,2,6,9,1,"h"
"720",6,6,8,10,5,1,6,7,1,"h"
"721",1,5,10,7,4,1,1,8,1,"h"
"722",6,2,8,10,5,2,1,8,3,"h"
"723",2,1,9,10,1,4,3,7,3,"h"
"724",3,1,10,8,3,1,2,10,5,"h"
"725",1,4,10,10,1,1,1,9,1,"h"
"726",10,5,10,9,3,1,1,10,1,"h"
"727",5,6,7,7,4,5,4,6,4,"h"
"728",6,2,7,8,3,3,1,10,1,"h"
"729",4,4,10,10,4,3,1,10,1,"h"
"730",9,5,7,5,6,1,1,9,5,"h"
"731",1,3,8,7,6,2,1,6,2,"h"
"732",5,5,6,9,4,1,1,9,1,"h"
"733",1,4,8,8,4,1,1,10,1,"h"
"734",6,2,8,8,2,1,1,8,1,"h"
"735",8,9,7,8,5,2,3,9,4,"h"
"736",3,1,10,6,5,1,1,9,2,"h"
"737",4,2,9,8,2,2,1,9,1,"h"
"738",1,2,7,8,2,7,8,6,1,"h"
"739",4,3,10,6,2,2,4,8,1,"h"
"740",4,4,9,8,3,1,3,8,1,"h"
"741",10,6,8,6,4,2,1,8,3,"h"
"742",10,8,9,10,5,1,1,5,2,"h"
"743",2,2,9,8,3,5,7,7,1,"h"
"744",7,1,9,7,4,3,4,6,7,"h"
"745",4,6,8,7,4,5,4,6,4,"h"
"746",3,5,8,7,5,1,1,7,1,"h"
"747",4,1,5,6,5,3,1,6,4,"h"
"748",1,1,6,9,5,2,2,9,2,"h"
"749",1,1,10,10,2,1,1,8,1,"h"
"750",1,1,10,10,2,4,2,10,1,"h"
"751",1,4,8,6,6,1,4,8,3,"h"
"752",8,5,7,8,3,1,3,5,1,"h"
"753",3,1,7,7,5,4,1,7,1,"h"
"754",10,9,7,9,5,1,4,6,1,"h"
"755",4,1,6,4,5,3,4,6,3,"h"
"756",9,4,7,10,2,2,1,6,4,"h"
"757",10,10,7,10,5,4,1,8,1,"h"
"758",1,2,4,10,4,1,1,6,2,"h"
"759",7,7,10,8,3,6,6,6,4,"h"
"760",1,1,6,8,1,1,1,6,1,"h"
"761",4,3,6,5,3,1,2,5,3,"h"
"762",3,1,8,9,1,3,2,7,2,"h"
"763",6,6,9,7,6,1,2,8,1,"h"
"764",1,4,8,9,6,2,3,7,2,"h"
"765",5,5,6,8,3,3,5,6,1,"h"
"766",1,3,7,8,6,4,4,8,5,"h"
"767",1,1,7,9,2,3,1,8,3,"h"
"768",5,5,9,8,7,1,1,7,1,"h"
"769",7,7,9,6,2,3,2,7,1,"h"
"770",1,2,4,6,6,2,1,4,6,"h"
"771",10,7,9,7,5,1,1,8,1,"h"
"772",1,6,8,9,4,2,4,9,4,"h"
"773",10,4,9,10,4,6,3,9,2,"h"
"774",8,4,9,9,6,1,3,8,6,"h"
"775",1,1,3,8,3,2,1,6,1,"h"
"776",6,8,10,10,4,1,4,8,1,"h"
"777",9,5,6,9,4,1,1,8,1,"h"
"778",3,4,6,10,6,1,1,9,1,"h"
"779",1,4,5,4,3,4,1,5,4,"h"
"780",1,1,10,6,5,4,6,9,1,"h"
"781",10,6,5,10,5,5,7,10,2,"h"
"782",5,4,5,6,1,1,2,7,1,"h"
"783",3,7,5,9,8,2,3,7,1,"h"
"784",6,2,3,8,6,1,3,7,5,"h"
"785",8,4,6,9,4,1,1,10,1,"h"
"786",5,7,10,10,7,3,2,9,3,"h"
"787",3,3,9,9,5,1,1,7,4,"h"
"788",3,2,10,6,4,3,4,6,4,"h"
"789",1,1,9,7,1,4,2,8,2,"h"
"790",4,3,10,8,5,1,3,7,1,"h"
"791",1,1,7,6,3,2,1,7,1,"h"
"792",8,4,7,8,5,2,4,8,2,"h"
"793",4,6,10,6,3,4,2,8,1,"h"
"794",9,7,7,10,4,3,4,8,2,"h"
"795",1,1,7,6,3,3,2,9,4,"h"
"796",10,5,10,10,4,3,3,9,4,"h"
"797",8,4,8,8,5,1,3,8,1,"h"
"798",1,1,10,6,1,2,1,9,1,"h"
"799",3,3,7,5,2,1,1,6,2,"h"
"800",2,2,8,10,6,9,6,8,8,"h"
"801",7,5,10,1,5,1,1,8,2,"i"
"802",2,6,8,3,9,8,5,5,7,"i"
"803",8,5,10,10,4,7,4,10,3,"i"
"804",9,4,3,3,1,1,2,3,3,"i"
"805",8,6,7,8,9,3,1,3,1,"i"
"806",5,1,7,5,4,1,1,10,3,"i"
"807",6,1,10,10,3,5,4,9,6,"i"
"808",5,1,5,10,5,1,2,10,1,"i"
"809",10,2,10,10,1,4,5,6,4,"i"
"810",1,1,7,5,4,1,1,4,1,"i"
"811",4,7,10,3,6,3,2,10,1,"i"
"812",8,1,5,10,6,8,3,8,5,"i"
"813",2,4,6,8,5,2,1,5,1,"i"
"814",9,4,10,10,8,3,4,9,3,"i"
"815",4,1,10,10,5,3,2,10,2,"i"
"816",3,1,10,10,4,1,1,5,5,"i"
"817",10,4,6,3,1,1,1,7,6,"i"
"818",10,6,9,6,4,9,5,10,4,"i"
"819",9,2,7,10,6,8,4,7,1,"i"
"820",1,4,8,5,5,5,5,5,1,"i"
"821",3,4,5,10,1,1,1,1,7,"i"
"822",4,4,9,4,1,1,1,8,2,"i"
"823",6,2,10,4,1,1,2,9,8,"i"
"824",7,3,5,10,6,10,3,8,3,"i"
"825",6,1,4,10,5,1,1,7,1,"i"
"826",1,1,4,10,6,2,1,2,2,"i"
"827",2,5,10,2,2,2,2,8,1,"i"
"828",1,1,6,5,2,3,2,10,4,"i"
"829",2,5,10,4,1,1,2,10,3,"i"
"830",6,4,10,8,1,4,5,7,6,"i"
"831",9,9,10,9,7,4,2,10,8,"i"
"832",9,8,10,10,9,4,3,8,3,"i"
"833",7,4,10,1,3,7,5,7,8,"i"
"834",1,3,10,10,1,1,1,10,1,"i"
"835",7,4,8,1,1,3,1,2,1,"i"
"836",4,5,7,1,5,3,2,8,3,"i"
"837",5,1,8,10,3,9,2,7,5,"i"
"838",8,3,4,9,7,3,4,5,4,"i"
"839",2,3,10,7,7,5,3,6,1,"i"
"840",5,5,6,10,5,8,3,4,2,"i"
"841",2,1,10,10,5,9,6,10,3,"i"
"842",4,2,5,10,9,2,1,5,6,"i"
"843",10,3,4,10,6,1,2,6,4,"i"
"844",9,3,10,10,1,1,3,10,3,"i"
"845",5,4,10,10,2,7,3,10,3,"i"
"846",5,7,7,10,5,3,2,8,7,"i"
"847",6,3,9,10,1,4,2,5,6,"i"
"848",9,2,10,10,2,1,2,9,3,"i"
"849",10,7,7,4,1,4,3,8,2,"i"
"850",4,1,8,3,1,10,6,6,6,"i"
"851",4,3,10,4,1,7,3,6,2,"i"
"852",8,4,10,1,5,6,4,5,2,"i"
"853",6,4,10,10,3,4,3,8,6,"i"
"854",3,1,4,6,1,1,2,8,3,"i"
"855",4,1,7,7,5,4,1,7,4,"i"
"856",8,6,7,10,3,7,3,8,3,"i"
"857",6,6,6,9,8,1,3,4,2,"i"
"858",6,1,4,4,5,3,1,5,3,"i"
"859",4,3,10,10,4,1,1,7,1,"i"
"860",4,2,9,10,2,1,1,10,1,"i"
"861",3,2,7,9,6,10,7,2,4,"i"
"862",4,2,5,10,9,4,3,3,4,"i"
"863",8,6,5,7,5,7,5,7,1,"i"
"864",6,4,10,10,1,7,4,9,1,"i"
"865",1,2,8,8,3,3,1,5,5,"i"
"866",5,3,4,10,5,1,1,6,1,"i"
"867",10,3,7,8,5,6,2,6,3,"i"
"868",2,5,9,10,2,2,3,10,2,"i"
"869",3,3,4,2,7,1,1,6,3,"i"
"870",3,5,9,10,1,6,3,8,5,"i"
"871",5,1,9,10,3,8,4,3,1,"i"
"872",4,1,6,10,1,1,1,8,1,"i"
"873",1,1,5,10,3,1,1,2,1,"i"
"874",2,2,4,5,1,1,1,7,2,"i"
"875",6,6,8,8,5,1,1,4,3,"i"
"876",5,4,2,1,6,2,2,6,4,"i"
"877",7,2,7,10,6,7,3,10,4,"i"
"878",6,3,6,9,7,5,2,9,1,"i"
"879",10,3,5,10,4,1,3,10,6,"i"
"880",7,5,8,7,1,7,4,9,7,"i"
"881",4,5,10,9,5,1,1,9,2,"i"
"882",9,4,1,3,8,1,2,4,3,"i"
"883",2,6,6,10,5,1,1,6,4,"i"
"884",9,5,8,1,1,3,3,7,1,"i"
"885",1,1,7,7,6,1,1,6,4,"i"
"886",10,5,2,2,8,3,1,7,4,"i"
"887",7,4,7,6,2,4,3,6,4,"i"
"888",1,2,10,10,1,3,1,10,3,"i"
"889",10,5,2,9,1,9,6,5,8,"i"
"890",6,8,4,10,1,1,1,4,1,"i"
"891",9,5,6,5,1,4,1,5,1,"i"
"892",9,7,5,7,3,4,1,7,1,"i"
"893",4,1,3,6,1,2,3,6,3,"i"
"894",10,4,10,4,1,1,1,5,2,"i"
"895",7,9,10,10,8,3,3,8,8,"i"
"896",5,2,6,5,1,5,4,9,1,"i"
"897",8,3,10,4,2,1,1,5,5,"i"
"898",8,2,3,1,5,3,1,5,1,"i"
"899",5,7,10,10,7,1,1,9,1,"i"
"900",1,5,10,4,4,1,1,5,2,"i"
"901",1,2,7,5,1,1,3,7,1,"j"
"902",7,4,5,10,2,3,2,6,1,"j"
"903",1,2,10,7,2,6,5,8,2,"j"
"904",5,6,5,9,5,5,5,5,2,"j"
"905",1,1,3,10,3,6,6,2,2,"j"
"906",1,4,3,4,6,1,3,4,1,"j"
"907",7,5,3,9,3,6,4,1,2,"j"
"908",1,1,6,5,3,3,4,3,2,"j"
"909",1,1,3,7,3,3,3,2,1,"j"
"910",6,4,1,8,6,1,4,1,1,"j"
"911",2,1,7,7,1,3,5,1,1,"j"
"912",1,1,3,6,3,7,4,1,2,"j"
"913",3,3,6,2,5,7,4,3,1,"j"
"914",4,1,6,6,1,3,3,4,2,"j"
"915",4,3,4,7,1,4,3,2,2,"j"
"916",1,1,3,9,1,1,1,4,1,"j"
"917",4,4,8,6,1,1,3,5,1,"j"
"918",4,1,5,5,1,1,3,3,1,"j"
"919",5,2,6,3,1,5,5,7,2,"j"
"920",1,3,1,6,3,10,6,3,2,"j"
"921",5,2,7,6,2,6,5,3,1,"j"
"922",1,3,6,8,5,5,5,5,2,"j"
"923",1,1,2,8,1,7,6,4,2,"j"
"924",1,2,4,4,1,8,5,1,2,"j"
"925",3,3,9,9,3,4,4,4,1,"j"
"926",1,1,5,4,2,5,5,4,1,"j"
"927",1,1,6,4,3,3,4,6,1,"j"
"928",1,4,6,5,3,4,3,6,1,"j"
"929",1,2,2,5,3,1,5,1,1,"j"
"930",1,1,7,9,5,3,3,6,1,"j"
"931",1,1,8,9,3,3,3,9,1,"j"
"932",1,1,6,7,3,1,2,7,1,"j"
"933",3,2,3,7,2,3,3,2,1,"j"
"934",5,3,10,10,2,1,3,5,1,"j"
"935",1,4,4,4,6,5,5,4,2,"j"
"936",1,1,6,8,1,1,3,3,1,"j"
"937",1,2,1,4,6,4,6,1,1,"j"
"938",1,1,7,7,2,2,4,8,1,"j"
"939",1,3,7,10,2,6,6,3,1,"j"
"940",1,1,4,4,1,6,5,2,1,"j"
"941",1,7,9,8,5,5,3,2,1,"j"
"942",1,2,5,6,3,1,3,3,1,"j"
"943",1,1,6,6,3,1,2,6,1,"j"
"944",1,3,8,8,5,1,2,7,1,"j"
"945",1,1,5,7,2,8,7,5,2,"j"
"946",4,3,9,8,1,5,6,5,1,"j"
"947",5,1,6,9,2,4,5,1,1,"j"
"948",1,1,7,10,1,1,2,2,1,"j"
"949",5,4,8,8,2,1,5,6,1,"j"
"950",1,3,1,7,1,5,4,1,1,"j"
"951",3,2,5,6,4,6,6,5,1,"j"
"952",1,1,6,8,1,8,6,6,2,"j"
"953",1,3,6,5,4,6,6,3,2,"j"
"954",6,2,5,6,2,4,4,3,1,"j"
"955",4,8,5,7,2,1,3,2,1,"j"
"956",1,1,6,10,3,4,4,2,1,"j"
"957",4,4,6,5,2,8,7,5,2,"j"
"958",5,3,4,10,5,1,3,6,1,"j"
"959",3,1,7,10,1,2,4,5,1,"j"
"960",1,2,8,10,2,2,4,6,1,"j"
"961",1,1,8,10,1,8,8,7,1,"j"
"962",1,1,5,7,1,5,5,1,1,"j"
"963",5,5,7,8,1,8,5,5,1,"j"
"964",1,2,7,7,5,6,6,2,1,"j"
"965",1,1,7,6,1,3,3,9,2,"j"
"966",1,1,3,6,3,3,5,2,1,"j"
"967",4,1,8,10,1,3,3,6,1,"j"
"968",2,1,6,10,3,8,6,3,1,"j"
"969",6,2,1,4,3,6,5,1,1,"j"
"970",2,4,8,5,3,4,4,4,1,"j"
"971",3,1,7,4,4,1,1,3,1,"j"
"972",5,4,4,6,5,4,3,1,1,"j"
"973",1,2,6,5,3,5,4,1,1,"j"
"974",1,1,5,5,1,9,7,1,2,"j"
"975",1,1,6,7,1,5,5,6,2,"j"
"976",7,10,10,8,8,6,6,9,2,"j"
"977",4,2,8,10,3,4,6,4,1,"j"
"978",1,1,3,5,1,1,3,2,1,"j"
"979",2,1,8,7,4,1,1,1,1,"j"
"980",2,1,4,2,4,4,2,4,1,"j"
"981",7,3,7,7,1,7,7,8,1,"j"
"982",2,3,1,1,4,4,5,5,1,"j"
"983",3,5,10,7,1,7,6,4,1,"j"
"984",1,1,7,10,3,5,6,6,1,"j"
"985",4,4,8,5,2,2,4,5,1,"j"
"986",4,1,7,8,2,1,3,7,1,"j"
"987",1,1,8,8,2,4,4,5,1,"j"
"988",6,6,4,7,5,3,4,1,1,"j"
"989",2,1,8,7,3,2,4,7,1,"j"
"990",1,5,4,7,1,2,2,2,1,"j"
"991",1,1,4,4,2,8,6,2,2,"j"
"992",1,3,4,7,6,1,2,2,1,"j"
"993",2,1,5,8,5,1,1,1,1,"j"
"994",1,4,6,7,1,8,7,3,3,"j"
"995",4,2,8,7,1,3,3,5,2,"j"
"996",2,2,3,6,4,8,5,1,2,"j"
"997",3,2,6,7,1,3,3,2,1,"j"
"998",1,1,10,10,1,6,5,5,2,"j"
"999",1,1,7,5,1,1,2,5,1,"j"
"1000",7,4,7,8,4,1,2,5,1,"j"
"1001",2,4,8,8,2,9,7,4,6,"a"
"1002",1,1,4,7,1,1,1,2,2,"a"
"1003",2,3,5,9,2,9,5,1,6,"a"
"1004",1,6,10,8,3,4,5,2,1,"a"
"1005",1,1,5,8,1,9,9,1,1,"a"
"1006",2,8,9,5,3,8,7,1,2,"a"
"1007",1,1,5,7,1,5,1,1,1,"a"
"1008",2,1,7,5,2,8,7,7,1,"a"
"1009",2,1,8,10,1,7,7,5,1,"a"
"1010",3,1,9,8,1,3,3,4,1,"a"
"1011",2,1,5,6,1,1,1,1,2,"a"
"1012",1,2,7,7,2,3,2,1,5,"a"
"1013",3,3,10,10,1,3,3,3,3,"a"
"1014",1,5,7,10,2,1,3,3,1,"a"
"1015",3,1,3,6,1,3,4,4,2,"a"
"1016",3,2,7,6,1,10,5,1,3,"a"
"1017",2,1,6,7,2,1,3,5,1,"a"
"1018",3,8,9,9,4,7,10,4,2,"a"
"1019",2,5,10,8,2,6,10,5,2,"a"
"1020",2,3,9,10,2,2,6,5,2,"a"
"1021",2,2,7,8,1,5,7,3,2,"a"
"1022",2,1,9,7,1,6,5,1,4,"a"
"1023",1,1,6,7,2,3,2,8,2,"a"
"1024",2,1,8,5,1,3,2,4,4,"a"
"1025",1,2,10,10,2,2,3,6,4,"a"
"1026",1,4,6,8,1,10,10,3,6,"a"
"1027",1,7,10,7,3,1,6,4,1,"a"
"1028",2,4,10,7,2,1,4,7,1,"a"
"1029",1,1,9,6,1,2,1,6,1,"a"
"1030",1,6,5,7,3,1,4,4,1,"a"
"1031",1,1,9,10,1,7,2,2,1,"a"
"1032",2,4,6,8,2,1,5,2,2,"a"
"1033",1,7,7,7,3,2,5,8,2,"a"
"1034",2,1,4,8,1,7,7,4,3,"a"
"1035",2,4,10,7,2,5,6,7,2,"a"
"1036",1,1,10,7,1,2,5,7,1,"a"
"1037",1,3,9,10,2,10,8,4,3,"a"
"1038",1,3,9,9,2,1,3,4,1,"a"
"1039",1,6,4,6,3,3,6,1,1,"a"
"1040",2,4,7,7,1,6,6,4,3,"a"
"1041",2,1,10,7,1,1,2,3,1,"a"
"1042",1,1,7,7,1,6,5,6,2,"a"
"1043",1,7,6,6,3,2,1,7,1,"a"
"1044",1,2,6,8,1,7,2,2,3,"a"
"1045",1,1,4,10,1,9,6,1,6,"a"
"1046",2,3,3,9,2,10,9,1,6,"a"
"1047",1,3,4,7,2,9,7,1,3,"a"
"1048",2,1,6,8,1,1,1,5,1,"a"
"1049",3,10,7,8,3,4,1,1,3,"a"
"1050",1,8,1,4,3,4,6,2,3,"a"
"1051",1,1,7,9,1,6,6,3,2,"a"
"1052",2,1,6,9,1,6,6,2,2,"a"
"1053",2,1,10,10,1,6,7,3,1,"a"
"1054",1,1,8,9,1,2,5,6,3,"a"
"1055",2,5,10,10,3,7,5,4,1,"a"
"1056",2,1,3,9,2,2,1,1,1,"a"
"1057",1,2,10,9,1,5,5,6,1,"a"
"1058",1,4,5,9,1,7,7,1,1,"a"
"1059",1,1,10,5,1,1,3,3,2,"a"
"1060",1,6,7,9,2,5,5,4,2,"a"
"1061",1,2,6,9,1,5,3,3,3,"a"
"1062",1,2,7,10,2,5,6,5,2,"a"
"1063",1,6,8,6,3,5,6,5,1,"a"
"1064",1,6,9,8,3,10,7,5,2,"a"
"1065",1,2,10,8,2,4,3,6,1,"a"
"1066",2,6,10,10,2,1,6,6,1,"a"
"1067",1,5,6,9,3,5,4,2,1,"a"
"1068",3,9,7,7,4,1,1,1,1,"a"
"1069",2,4,8,7,2,10,7,3,2,"a"
"1070",1,7,8,10,3,5,6,3,4,"a"
"1071",1,1,9,7,1,8,4,4,7,"a"
"1072",1,1,10,9,1,1,3,3,1,"a"
"1073",2,1,8,7,1,1,3,2,2,"a"
"1074",3,3,10,8,3,3,3,9,4,"a"
"1075",1,1,7,6,1,7,6,3,3,"a"
"1076",1,4,10,6,2,4,4,3,1,"a"
"1077",2,1,10,8,2,2,3,9,2,"a"
"1078",1,1,5,5,1,1,5,2,1,"a"
"1079",3,5,10,10,2,10,7,8,1,"a"
"1080",2,1,7,8,1,10,5,4,4,"a"
"1081",1,4,8,6,2,1,5,9,1,"a"
"1082",2,1,3,7,1,4,5,1,2,"a"
"1083",4,5,6,8,2,10,7,2,1,"a"
"1084",2,1,10,9,1,10,9,6,2,"a"
"1085",2,4,10,7,3,5,7,6,1,"a"
"1086",1,1,10,10,1,5,4,5,1,"a"
"1087",1,2,8,6,1,3,4,1,2,"a"
"1088",3,6,10,9,3,9,6,4,2,"a"
"1089",3,1,8,6,2,7,7,3,5,"a"
"1090",2,2,6,8,2,6,6,1,1,"a"
"1091",2,3,9,8,2,1,1,5,2,"a"
"1092",1,1,8,8,2,9,7,4,3,"a"
"1093",2,4,5,6,2,9,8,1,2,"a"
"1094",1,8,9,10,3,2,3,7,1,"a"
"1095",1,1,10,9,1,1,1,10,1,"a"
"1096",2,4,4,9,2,4,5,3,6,"a"
"1097",2,3,8,9,2,9,6,4,4,"a"
"1098",1,1,7,10,1,1,2,2,1,"a"
"1099",3,1,10,10,1,3,1,4,3,"a"
"1100",2,2,4,7,1,8,6,3,1,"a"
"1101",10,6,8,3,7,1,2,3,5,"b"
"1102",3,5,9,2,10,7,4,6,5,"b"
"1103",1,1,7,1,6,7,5,5,2,"b"
"1104",8,7,9,4,8,5,2,9,5,"b"
"1105",8,10,10,3,10,10,5,6,7,"b"
"1106",7,9,9,1,6,7,6,6,7,"b"
"1107",10,7,9,1,10,6,4,7,4,"b"
"1108",8,8,8,4,7,3,4,6,5,"b"
"1109",9,7,9,3,5,2,5,10,3,"b"
"1110",6,4,9,4,8,3,2,8,4,"b"
"1111",9,5,9,2,9,6,6,10,7,"b"
"1112",10,8,10,5,10,2,6,9,3,"b"
"1113",3,7,8,8,10,2,1,4,3,"b"
"1114",8,10,7,4,7,7,4,4,5,"b"
"1115",10,8,7,3,7,6,8,4,6,"b"
"1116",3,5,9,4,5,5,5,8,3,"b"
"1117",1,3,8,5,4,2,5,8,4,"b"
"1118",10,8,7,2,10,5,4,6,4,"b"
"1119",8,7,8,4,5,3,8,10,3,"b"
"1120",10,8,9,4,10,3,4,5,3,"b"
"1121",4,4,7,5,1,1,7,6,4,"b"
"1122",9,9,9,3,8,6,4,6,4,"b"
"1123",4,5,7,2,9,4,3,6,6,"b"
"1124",6,8,6,3,6,4,7,5,3,"b"
"1125",5,8,6,2,4,2,5,7,2,"b"
"1126",9,7,9,7,10,6,5,8,4,"b"
"1127",10,7,9,4,10,1,1,7,5,"b"
"1128",8,8,8,6,3,2,5,6,6,"b"
"1129",10,7,10,4,10,5,6,8,6,"b"
"1130",7,7,8,5,4,7,7,6,4,"b"
"1131",10,8,9,4,8,2,4,6,7,"b"
"1132",4,6,7,2,10,5,4,7,2,"b"
"1133",6,9,8,3,10,5,6,6,3,"b"
"1134",6,8,10,4,9,1,3,8,4,"b"
"1135",1,6,9,3,10,6,7,8,6,"b"
"1136",9,7,8,1,8,5,5,6,3,"b"
"1137",10,7,9,5,8,10,7,9,5,"b"
"1138",10,8,8,3,7,1,1,10,4,"b"
"1139",10,4,10,4,6,5,4,6,6,"b"
"1140",7,5,9,2,9,4,7,10,6,"b"
"1141",10,10,9,4,9,1,3,8,2,"b"
"1142",5,7,8,6,5,1,4,5,4,"b"
"1143",10,10,9,1,5,5,6,5,4,"b"
"1144",8,8,10,5,9,4,3,10,4,"b"
"1145",1,4,9,4,9,5,4,7,4,"b"
"1146",10,8,9,3,10,6,5,9,6,"b"
"1147",10,10,9,5,10,9,5,7,6,"b"
"1148",8,6,7,4,9,10,10,9,6,"b"
"1149",4,6,9,2,7,1,3,6,3,"b"
"1150",10,8,8,2,9,10,5,8,5,"b"
"1151",6,7,8,4,7,5,7,7,3,"b"
"1152",4,7,10,4,10,4,4,6,4,"b"
"1153",4,7,9,7,9,1,4,5,3,"b"
"1154",7,8,7,4,10,5,5,7,3,"b"
"1155",1,3,9,2,3,7,3,8,4,"b"
"1156",10,7,7,2,8,1,4,9,4,"b"
"1157",10,7,9,4,8,5,4,10,5,"b"
"1158",8,8,7,2,3,3,6,8,6,"b"
"1159",6,7,9,4,10,2,8,9,6,"b"
"1160",3,6,7,3,7,4,5,5,3,"b"
"1161",10,6,8,1,8,3,4,7,4,"b"
"1162",4,5,8,1,3,1,1,7,3,"b"
"1163",8,7,7,1,6,5,4,8,6,"b"
"1164",10,10,9,2,5,8,5,8,7,"b"
"1165",7,9,9,2,8,5,5,6,4,"b"
"1166",10,8,9,5,10,1,3,3,3,"b"
"1167",5,8,10,3,8,2,5,9,4,"b"
"1168",1,6,8,4,2,5,9,8,3,"b"
"1169",10,10,9,1,7,4,1,10,5,"b"
"1170",10,9,10,8,9,8,7,4,3,"b"
"1171",10,5,7,3,4,4,2,6,3,"b"
"1172",9,6,8,3,10,3,3,10,3,"b"
"1173",7,10,9,4,10,3,4,7,4,"b"
"1174",10,9,8,2,8,6,4,7,5,"b"
"1175",8,6,10,5,9,1,1,10,4,"b"
"1176",5,10,7,3,9,8,7,6,5,"b"
"1177",8,6,7,1,9,2,5,4,2,"b"
"1178",10,4,7,1,7,3,4,10,7,"b"
"1179",10,9,10,2,5,1,5,9,4,"b"
"1180",9,6,9,1,4,6,8,5,4,"b"
"1181",10,8,7,5,7,4,4,9,4,"b"
"1182",10,9,8,1,9,5,4,7,5,"b"
"1183",10,7,10,5,10,7,4,6,4,"b"
"1184",10,9,8,2,7,10,7,4,5,"b"
"1185",10,8,9,4,9,2,1,7,6,"b"
"1186",10,7,9,5,10,7,7,6,4,"b"
"1187",10,7,9,8,10,5,8,9,4,"b"
"1188",7,7,8,2,10,5,4,10,3,"b"
"1189",6,7,9,2,6,3,5,9,4,"b"
"1190",4,6,9,5,9,5,5,7,5,"b"
"1191",5,7,8,3,9,8,6,7,7,"b"
"1192",10,10,9,2,7,1,4,8,5,"b"
"1193",8,8,9,1,7,7,4,7,4,"b"
"1194",10,8,7,6,7,3,6,9,4,"b"
"1195",4,4,9,3,3,8,8,9,5,"b"
"1196",10,9,9,4,8,5,5,9,3,"b"
"1197",10,8,7,5,8,1,3,10,2,"b"
"1198",9,10,10,5,8,1,2,7,5,"b"
"1199",8,9,9,1,8,5,7,10,4,"b"
"1200",3,9,7,7,7,3,3,8,4,"b"
"1201",4,7,6,1,10,3,4,7,4,"c"
"1202",4,7,4,6,10,2,2,6,4,"c"
"1203",6,8,2,6,9,4,5,5,3,"c"
"1204",5,8,3,7,8,1,2,2,2,"c"
"1205",4,6,3,3,4,4,4,3,3,"c"
"1206",2,8,5,5,10,3,4,2,6,"c"
"1207",7,9,6,2,9,3,5,4,3,"c"
"1208",5,8,7,7,9,5,5,8,6,"c"
"1209",2,8,8,3,10,1,3,5,4,"c"
"1210",4,5,4,1,10,1,2,4,2,"c"
"1211",8,8,6,8,9,1,4,6,5,"c"
"1212",9,7,7,3,7,4,3,10,5,"c"
"1213",10,7,10,7,4,3,3,4,4,"c"
"1214",8,7,4,1,7,3,4,5,2,"c"
"1215",7,10,5,9,10,3,3,1,4,"c"
"1216",9,6,5,1,8,6,5,6,2,"c"
"1217",7,7,1,1,6,2,3,4,4,"c"
"1218",8,9,7,1,8,2,4,5,3,"c"
"1219",4,8,8,5,7,1,3,4,2,"c"
"1220",10,9,1,6,10,4,4,1,2,"c"
"1221",3,6,8,1,6,1,1,7,4,"c"
"1222",5,6,5,3,5,2,4,2,5,"c"
"1223",7,10,8,1,10,4,4,5,2,"c"
"1224",6,9,4,2,10,2,4,6,2,"c"
"1225",9,8,7,10,8,1,2,6,4,"c"
"1226",2,6,5,1,7,5,5,2,3,"c"
"1227",10,10,1,3,8,4,3,8,4,"c"
"1228",5,8,1,7,9,4,3,4,4,"c"
"1229",7,6,10,6,3,4,6,2,4,"c"
"1230",6,6,7,8,7,1,3,7,3,"c"
"1231",6,7,10,6,6,1,2,6,3,"c"
"1232",7,7,4,4,9,1,2,6,2,"c"
"1233",6,5,10,9,1,2,2,6,1,"c"
"1234",5,7,6,4,5,1,2,7,2,"c"
"1235",10,9,10,7,6,2,2,5,2,"c"
"1236",8,10,7,1,10,3,3,6,3,"c"
"1237",9,9,4,4,10,2,6,4,4,"c"
"1238",7,7,1,4,9,3,1,3,3,"c"
"1239",7,4,8,2,7,3,3,5,5,"c"
"1240",10,8,6,4,10,1,2,6,2,"c"
"1241",9,5,5,1,7,4,3,5,3,"c"
"1242",6,6,8,1,9,1,2,7,3,"c"
"1243",7,7,4,5,4,1,3,5,3,"c"
"1244",10,8,8,1,9,3,3,8,4,"c"
"1245",9,8,7,8,5,1,5,3,4,"c"
"1246",9,7,9,10,10,2,3,9,4,"c"
"1247",10,10,3,2,6,2,2,3,4,"c"
"1248",9,7,5,2,9,5,2,7,5,"c"
"1249",6,8,10,5,10,6,5,9,4,"c"
"1250",9,7,4,6,10,2,4,7,5,"c"
"1251",3,5,1,1,5,1,1,3,5,"c"
"1252",5,7,1,4,5,4,3,7,4,"c"
"1253",5,6,3,1,9,2,4,6,5,"c"
"1254",5,7,10,4,10,4,5,10,4,"c"
"1255",10,10,5,3,7,5,5,3,4,"c"
"1256",10,9,9,3,7,2,3,7,3,"c"
"1257",10,10,1,6,8,1,1,6,2,"c"
"1258",8,9,5,1,10,3,5,3,2,"c"
"1259",5,8,10,3,5,5,6,4,3,"c"
"1260",10,9,6,1,1,2,4,4,3,"c"
"1261",3,4,10,1,8,1,2,9,4,"c"
"1262",5,7,9,3,5,2,4,5,3,"c"
"1263",7,10,5,1,10,5,4,5,4,"c"
"1264",6,7,6,3,10,1,2,8,4,"c"
"1265",8,6,1,4,7,3,1,4,1,"c"
"1266",7,6,8,6,6,4,3,4,2,"c"
"1267",4,6,7,6,8,5,3,9,5,"c"
"1268",10,10,7,3,10,4,4,3,4,"c"
"1269",4,8,3,7,10,3,2,4,4,"c"
"1270",5,5,3,1,6,5,5,3,2,"c"
"1271",9,9,8,5,9,1,3,5,3,"c"
"1272",10,9,5,1,9,2,3,5,5,"c"
"1273",7,7,8,7,9,1,1,6,2,"c"
"1274",7,9,7,1,8,6,4,6,3,"c"
"1275",8,10,5,1,7,2,5,3,4,"c"
"1276",4,10,5,4,10,2,2,5,4,"c"
"1277",7,6,9,8,8,2,4,4,2,"c"
"1278",7,9,3,1,5,3,4,8,4,"c"
"1279",7,9,7,1,7,1,3,7,2,"c"
"1280",5,7,8,9,9,3,4,5,6,"c"
"1281",7,7,1,5,9,2,2,3,2,"c"
"1282",5,5,7,1,10,2,2,4,4,"c"
"1283",8,8,6,4,7,1,4,5,4,"c"
"1284",8,7,10,7,6,3,2,8,4,"c"
"1285",10,7,3,1,9,1,1,5,1,"c"
"1286",5,7,9,5,10,3,3,5,3,"c"
"1287",5,6,5,2,8,2,3,6,3,"c"
"1288",3,7,10,1,8,1,3,8,3,"c"
"1289",7,3,4,6,9,1,3,3,2,"c"
"1290",4,7,10,1,10,6,5,7,4,"c"
"1291",1,4,10,1,5,4,2,9,3,"c"
"1292",6,6,1,1,2,2,3,2,1,"c"
"1293",7,9,10,7,5,5,4,10,4,"c"
"1294",7,6,4,2,10,1,1,4,2,"c"
"1295",5,8,3,2,7,3,4,1,6,"c"
"1296",7,8,10,1,7,3,4,8,3,"c"
"1297",5,9,6,6,6,4,5,5,5,"c"
"1298",7,9,4,4,9,3,5,5,4,"c"
"1299",5,9,6,2,10,1,4,6,4,"c"
"1300",2,6,7,5,7,1,4,6,3,"c"
"1301",1,1,10,5,1,1,2,10,2,"d"
"1302",1,1,10,7,1,2,3,9,1,"d"
"1303",1,1,1,5,1,1,1,5,4,"d"
"1304",1,4,10,6,1,1,1,8,1,"d"
"1305",7,2,10,8,1,5,5,8,4,"d"
"1306",5,4,10,8,4,1,2,6,1,"d"
"1307",1,5,10,8,1,1,2,9,5,"d"
"1308",3,6,3,6,5,2,4,6,2,"d"
"1309",3,3,10,6,2,1,3,8,4,"d"
"1310",1,1,9,5,3,1,3,10,4,"d"
"1311",7,1,2,9,1,5,2,3,8,"d"
"1312",1,2,10,5,1,3,2,6,2,"d"
"1313",1,1,8,7,8,2,2,6,2,"d"
"1314",3,3,5,5,2,1,4,6,1,"d"
"1315",1,3,8,5,3,3,3,5,1,"d"
"1316",7,6,2,8,1,4,4,7,1,"d"
"1317",1,5,6,3,1,4,2,9,3,"d"
"1318",1,3,1,5,1,1,1,6,7,"d"
"1319",1,4,10,10,1,1,1,9,1,"d"
"1320",4,4,1,4,1,1,2,8,2,"d"
"1321",1,1,1,2,1,1,2,5,4,"d"
"1322",1,1,1,5,1,3,4,6,2,"d"
"1323",1,1,5,6,1,1,1,7,1,"d"
"1324",1,5,5,5,6,1,2,3,1,"d"
"1325",1,1,10,5,2,1,3,7,2,"d"
"1326",4,2,9,8,2,2,3,5,1,"d"
"1327",3,1,9,8,4,1,1,10,1,"d"
"1328",1,6,10,9,8,1,1,10,1,"d"
"1329",1,1,10,7,3,4,1,6,6,"d"
"1330",1,3,8,6,1,1,1,7,6,"d"
"1331",1,1,10,8,2,3,3,8,2,"d"
"1332",1,1,10,5,1,1,1,10,1,"d"
"1333",1,1,10,9,1,1,1,7,4,"d"
"1334",1,2,9,7,3,1,1,4,1,"d"
"1335",2,1,10,5,4,1,1,10,1,"d"
"1336",7,5,3,4,6,1,1,6,1,"d"
"1337",1,3,7,9,4,1,1,7,3,"d"
"1338",1,2,10,10,2,2,2,9,5,"d"
"1339",2,1,10,5,1,4,3,8,3,"d"
"1340",1,1,10,7,3,2,2,8,5,"d"
"1341",1,1,10,9,5,3,3,7,1,"d"
"1342",1,5,3,5,5,3,4,6,4,"d"
"1343",7,1,2,7,1,1,2,3,1,"d"
"1344",1,4,5,7,3,1,1,9,2,"d"
"1345",1,6,9,8,1,1,1,9,3,"d"
"1346",1,6,10,7,1,1,2,9,1,"d"
"1347",1,2,6,9,1,3,2,7,2,"d"
"1348",1,3,10,8,2,1,1,10,1,"d"
"1349",1,5,7,6,1,1,1,6,2,"d"
"1350",1,2,10,7,2,1,1,9,1,"d"
"1351",2,3,8,6,1,1,2,7,4,"d"
"1352",1,1,1,6,1,4,5,3,1,"d"
"1353",1,1,5,5,3,1,1,7,5,"d"
"1354",1,5,3,5,1,4,2,6,5,"d"
"1355",3,3,10,6,8,2,2,7,1,"d"
"1356",1,1,10,7,1,1,1,6,4,"d"
"1357",1,1,10,5,4,6,3,6,1,"d"
"1358",1,3,3,5,4,1,3,6,1,"d"
"1359",1,3,10,6,1,1,1,10,1,"d"
"1360",1,1,10,8,1,2,1,10,5,"d"
"1361",2,5,10,8,2,1,3,9,2,"d"
"1362",1,3,10,6,3,2,3,5,2,"d"
"1363",3,2,10,8,1,2,2,8,5,"d"
"1364",1,8,8,5,1,1,1,5,2,"d"
"1365",1,7,10,7,1,2,4,9,2,"d"
"1366",4,3,9,7,1,2,4,10,1,"d"
"1367",5,5,10,8,2,4,2,10,3,"d"
"1368",4,1,10,5,1,1,1,10,1,"d"
"1369",10,3,7,8,5,1,1,7,1,"d"
"1370",1,1,10,7,1,1,1,5,4,"d"
"1371",1,1,5,6,1,1,2,7,1,"d"
"1372",1,4,1,6,2,1,3,7,2,"d"
"1373",7,4,10,5,3,1,3,10,2,"d"
"1374",2,2,10,8,3,3,5,9,2,"d"
"1375",1,2,10,8,3,1,1,7,1,"d"
"1376",4,4,10,8,3,1,2,9,8,"d"
"1377",3,2,7,10,2,3,2,8,3,"d"
"1378",1,4,7,6,1,1,1,9,1,"d"
"1379",1,1,8,9,3,1,1,10,1,"d"
"1380",6,1,4,6,5,4,3,6,1,"d"
"1381",1,3,8,8,3,1,1,9,2,"d"
"1382",1,2,3,6,1,1,2,4,1,"d"
"1383",5,5,1,7,1,4,3,5,1,"d"
"1384",1,1,1,6,1,3,3,3,2,"d"
"1385",2,2,1,7,1,4,3,9,1,"d"
"1386",3,4,7,6,1,2,3,6,4,"d"
"1387",1,3,9,7,1,1,2,7,1,"d"
"1388",1,1,4,5,2,3,1,5,2,"d"
"1389",1,6,10,5,4,4,4,9,4,"d"
"1390",3,1,8,10,1,3,1,9,2,"d"
"1391",8,5,8,6,4,2,1,6,1,"d"
"1392",8,6,10,7,3,4,3,9,3,"d"
"1393",3,6,1,3,3,1,2,5,6,"d"
"1394",1,5,10,9,2,1,3,8,3,"d"
"1395",6,8,10,6,6,3,3,10,4,"d"
"1396",1,1,5,4,5,1,2,3,3,"d"
"1397",7,5,1,6,2,1,2,2,3,"d"
"1398",1,1,10,7,3,3,1,5,3,"d"
"1399",3,1,10,7,5,1,1,10,2,"d"
"1400",2,1,10,8,4,1,1,10,1,"d"
"1401",4,5,4,4,4,4,3,6,3,"e"
"1402",1,4,5,6,5,4,5,4,2,"e"
"1403",1,3,9,8,4,5,8,6,4,"e"
"1404",2,4,7,4,3,7,5,5,2,"e"
"1405",1,5,5,7,6,7,5,7,1,"e"
"1406",1,1,10,7,4,7,6,8,1,"e"
"1407",1,6,10,9,3,9,8,5,1,"e"
"1408",2,5,6,6,3,5,2,4,4,"e"
"1409",1,4,6,2,4,9,8,4,2,"e"
"1410",1,4,4,4,4,5,3,2,3,"e"
"1411",8,6,7,3,4,6,6,5,3,"e"
"1412",4,5,5,4,5,5,4,4,5,"e"
"1413",2,5,9,9,3,6,5,5,1,"e"
"1414",1,3,4,9,2,1,6,5,7,"e"
"1415",9,10,10,8,5,6,5,7,9,"e"
"1416",1,5,7,4,6,4,2,6,5,"e"
"1417",1,4,10,7,2,6,6,7,4,"e"
"1418",4,5,10,6,2,9,6,5,5,"e"
"1419",1,3,8,7,4,8,6,6,4,"e"
"1420",1,9,7,5,6,6,4,3,4,"e"
"1421",8,7,7,5,7,7,4,6,5,"e"
"1422",2,9,5,6,4,4,8,5,1,"e"
"1423",8,10,7,10,7,6,7,6,7,"e"
"1424",1,3,9,9,3,7,6,5,2,"e"
"1425",1,2,10,8,5,9,7,6,3,"e"
"1426",3,4,8,6,6,8,4,5,5,"e"
"1427",2,2,5,7,2,6,6,4,5,"e"
"1428",1,4,10,2,4,9,5,6,7,"e"
"1429",1,3,3,7,6,6,4,4,3,"e"
"1430",1,1,7,5,3,6,6,6,6,"e"
"1431",1,5,7,5,6,9,8,4,7,"e"
"1432",1,3,9,6,4,8,5,7,6,"e"
"1433",3,7,8,10,4,8,7,6,7,"e"
"1434",4,6,7,6,6,7,5,6,7,"e"
"1435",2,4,10,6,6,6,4,6,4,"e"
"1436",3,6,9,8,2,5,3,6,2,"e"
"1437",3,5,5,6,4,3,4,4,2,"e"
"1438",8,7,10,6,7,5,6,8,3,"e"
"1439",1,9,9,5,7,8,7,6,4,"e"
"1440",8,9,2,4,3,6,6,5,1,"e"
"1441",1,6,1,6,4,4,5,3,1,"e"
"1442",2,1,2,6,4,6,10,3,2,"e"
"1443",1,6,10,10,5,5,6,8,1,"e"
"1444",1,5,9,10,1,8,8,7,5,"e"
"1445",6,2,6,4,2,3,5,4,4,"e"
"1446",1,3,6,7,4,6,5,6,1,"e"
"1447",1,4,2,5,4,7,4,3,5,"e"
"1448",5,4,10,6,4,6,5,6,3,"e"
"1449",1,3,8,9,3,2,5,3,7,"e"
"1450",1,6,10,9,6,7,6,7,4,"e"
"1451",6,2,10,10,5,8,10,8,3,"e"
"1452",8,8,3,3,6,2,4,5,5,"e"
"1453",1,3,10,7,4,4,2,6,1,"e"
"1454",1,8,10,4,3,6,3,9,4,"e"
"1455",3,5,9,7,2,4,3,5,6,"e"
"1456",1,8,10,10,5,5,5,8,8,"e"
"1457",1,3,9,9,6,6,4,6,1,"e"
"1458",7,6,10,10,5,5,7,5,10,"e"
"1459",5,6,7,1,5,6,7,6,2,"e"
"1460",1,3,10,6,4,7,5,6,3,"e"
"1461",4,7,10,10,8,6,7,7,9,"e"
"1462",8,4,5,9,5,6,6,2,10,"e"
"1463",8,7,6,9,3,6,6,5,9,"e"
"1464",2,2,6,10,3,3,6,6,4,"e"
"1465",6,6,8,7,6,4,3,8,1,"e"
"1466",7,7,10,7,3,5,6,4,1,"e"
"1467",1,3,9,7,5,7,5,7,5,"e"
"1468",3,4,3,4,5,3,2,3,4,"e"
"1469",2,5,8,10,5,7,3,5,3,"e"
"1470",1,4,10,7,8,4,4,6,1,"e"
"1471",1,6,9,8,3,5,5,7,5,"e"
"1472",3,5,10,8,4,3,3,9,2,"e"
"1473",1,6,10,10,3,2,5,7,1,"e"
"1474",4,8,6,10,7,8,8,4,10,"e"
"1475",1,8,8,7,6,3,6,5,1,"e"
"1476",5,1,10,10,3,4,5,8,1,"e"
"1477",1,6,5,7,3,5,4,4,2,"e"
"1478",6,7,10,9,6,6,5,7,4,"e"
"1479",2,7,3,5,5,9,8,4,1,"e"
"1480",1,7,10,8,4,4,6,5,10,"e"
"1481",1,5,10,8,6,4,4,6,1,"e"
"1482",3,3,5,5,4,2,6,4,6,"e"
"1483",4,5,10,10,4,3,3,7,2,"e"
"1484",1,7,9,10,8,5,5,6,3,"e"
"1485",1,1,3,2,4,4,6,4,2,"e"
"1486",1,3,10,6,4,3,2,6,1,"e"
"1487",2,1,4,9,4,7,4,4,5,"e"
"1488",1,5,5,5,6,6,4,4,4,"e"
"1489",1,3,10,5,4,6,6,5,5,"e"
"1490",3,3,10,6,5,3,6,5,1,"e"
"1491",1,5,3,7,4,9,8,4,2,"e"
"1492",3,4,7,6,6,5,4,6,6,"e"
"1493",2,5,10,9,4,6,7,7,7,"e"
"1494",1,8,10,6,6,7,8,8,3,"e"
"1495",3,4,10,10,3,9,6,6,6,"e"
"1496",5,5,9,8,4,8,7,7,1,"e"
"1497",2,3,10,10,4,9,4,8,2,"e"
"1498",1,8,7,7,5,6,6,3,2,"e"
"1499",1,4,10,8,2,6,6,10,2,"e"
"1500",1,6,10,4,5,6,5,8,4,"e"
"1501",4,8,1,8,8,7,9,1,9,"f"
"1502",4,7,1,5,5,8,9,3,8,"f"
"1503",7,6,1,10,8,6,7,1,7,"f"
"1504",8,7,3,5,8,4,5,4,8,"f"
"1505",8,6,5,10,10,7,6,1,8,"f"
"1506",5,5,1,3,4,6,5,1,6,"f"
"1507",10,8,1,7,10,6,6,3,9,"f"
"1508",10,7,1,5,3,7,5,4,6,"f"
"1509",4,5,1,1,10,4,9,1,6,"f"
"1510",2,4,2,1,1,6,6,1,6,"f"
"1511",2,3,6,7,5,7,8,1,6,"f"
"1512",7,6,3,6,3,7,4,1,5,"f"
"1513",4,9,4,2,5,8,7,7,10,"f"
"1514",7,7,2,8,7,6,7,2,8,"f"
"1515",6,4,1,9,8,7,4,7,9,"f"
"1516",6,5,6,1,3,7,5,3,6,"f"
"1517",1,2,1,10,1,7,8,1,8,"f"
"1518",5,6,1,3,6,7,3,5,8,"f"
"1519",6,6,4,10,6,6,6,3,6,"f"
"1520",3,5,3,4,10,5,5,1,4,"f"
"1521",1,7,1,10,2,7,9,1,6,"f"
"1522",1,4,5,10,7,6,5,4,4,"f"
"1523",2,4,1,3,4,6,9,10,8,"f"
"1524",5,8,1,8,7,5,7,1,4,"f"
"1525",8,10,4,4,5,5,9,2,7,"f"
"1526",1,3,3,5,1,6,8,1,9,"f"
"1527",4,7,1,2,7,5,6,3,7,"f"
"1528",6,4,1,4,3,8,8,6,8,"f"
"1529",7,5,2,10,3,7,6,1,8,"f"
"1530",1,6,3,8,5,9,8,2,7,"f"
"1531",1,2,1,7,10,6,7,2,9,"f"
"1532",7,7,1,10,10,5,7,1,5,"f"
"1533",2,3,1,2,5,7,6,1,7,"f"
"1534",10,4,1,6,10,7,8,1,9,"f"
"1535",8,8,5,4,10,9,9,2,9,"f"
"1536",2,2,2,3,4,7,7,1,6,"f"
"1537",6,3,2,7,5,2,6,5,6,"f"
"1538",8,6,1,10,4,6,4,1,7,"f"
"1539",9,6,3,3,7,6,10,2,9,"f"
"1540",2,4,3,9,4,8,6,6,7,"f"
"1541",9,7,3,5,8,9,6,10,8,"f"
"1542",6,7,3,10,4,7,9,4,5,"f"
"1543",2,3,1,3,1,8,10,2,10,"f"
"1544",2,3,1,3,2,7,7,3,10,"f"
"1545",7,6,1,7,4,4,6,3,8,"f"
"1546",3,4,5,1,10,8,8,5,8,"f"
"1547",7,6,4,7,5,7,8,1,8,"f"
"1548",5,5,1,7,3,8,5,4,5,"f"
"1549",5,6,1,1,7,6,7,4,8,"f"
"1550",2,6,2,7,6,6,3,1,9,"f"
"1551",1,6,4,6,5,4,4,1,6,"f"
"1552",4,8,2,6,5,8,7,5,9,"f"
"1553",1,6,5,3,10,7,3,6,7,"f"
"1554",4,6,1,2,2,2,3,1,5,"f"
"1555",1,4,1,2,1,6,8,1,8,"f"
"1556",1,3,3,2,10,4,8,1,5,"f"
"1557",5,6,2,9,1,9,8,3,10,"f"
"1558",10,6,3,3,9,6,7,5,4,"f"
"1559",3,3,1,10,9,8,5,2,4,"f"
"1560",7,5,3,3,10,6,9,1,6,"f"
"1561",6,3,5,5,6,5,4,2,8,"f"
"1562",5,6,1,2,5,8,10,1,5,"f"
"1563",3,4,1,6,4,9,10,5,9,"f"
"1564",5,5,4,6,7,6,5,3,7,"f"
"1565",5,5,3,4,4,6,5,1,8,"f"
"1566",5,5,4,3,6,9,10,1,9,"f"
"1567",10,6,2,2,3,8,9,3,10,"f"
"1568",4,4,1,9,10,9,8,3,8,"f"
"1569",1,8,1,4,10,6,7,4,8,"f"
"1570",1,3,2,8,10,5,5,6,7,"f"
"1571",4,4,6,4,6,9,10,1,10,"f"
"1572",4,1,1,4,5,7,3,6,7,"f"
"1573",3,5,1,9,8,7,7,1,7,"f"
"1574",6,5,5,8,3,8,8,4,7,"f"
"1575",3,3,5,1,9,8,8,4,8,"f"
"1576",2,3,5,9,10,5,6,3,6,"f"
"1577",2,5,1,2,1,7,7,3,6,"f"
"1578",8,3,2,6,5,5,7,1,7,"f"
"1579",1,4,6,2,8,6,5,7,6,"f"
"1580",2,3,6,10,8,7,7,1,6,"f"
"1581",8,6,2,5,4,4,6,4,6,"f"
"1582",1,5,1,6,10,10,7,5,8,"f"
"1583",1,7,1,3,5,6,6,2,8,"f"
"1584",1,4,2,5,7,7,8,4,7,"f"
"1585",2,4,1,4,7,7,8,3,6,"f"
"1586",1,4,3,6,7,7,8,4,4,"f"
"1587",1,2,1,7,3,6,6,8,7,"f"
"1588",1,3,1,2,6,10,8,2,7,"f"
"1589",4,6,1,6,6,10,8,5,9,"f"
"1590",4,7,3,7,6,9,9,2,8,"f"
"1591",4,8,1,8,6,5,4,1,7,"f"
"1592",1,3,4,10,9,7,8,3,6,"f"
"1593",6,6,2,6,6,7,5,5,9,"f"
"1594",3,6,1,5,7,7,8,4,8,"f"
"1595",7,5,1,10,6,5,6,4,6,"f"
"1596",4,5,2,3,5,4,3,5,4,"f"
"1597",2,3,1,2,5,7,9,6,6,"f"
"1598",1,3,1,4,6,6,7,2,10,"f"
"1599",3,5,1,6,1,8,8,2,7,"f"
"1600",10,10,2,1,10,2,6,1,8,"f"
"1601",8,3,1,4,3,5,6,2,5,"g"
"1602",9,5,4,3,3,6,6,3,9,"g"
"1603",10,4,2,2,2,4,7,2,5,"g"
"1604",4,1,1,3,3,8,10,1,10,"g"
"1605",9,4,2,6,4,7,7,2,6,"g"
"1606",10,7,6,6,5,2,5,3,8,"g"
"1607",8,5,1,1,1,8,8,1,10,"g"
"1608",10,6,2,7,5,5,4,2,5,"g"
"1609",8,4,1,4,3,7,6,2,10,"g"
"1610",7,3,2,10,3,7,8,2,6,"g"
"1611",10,5,1,2,1,9,6,1,9,"g"
"1612",2,1,1,3,1,7,8,1,3,"g"
"1613",8,5,1,7,2,6,9,2,8,"g"
"1614",7,7,1,1,4,9,9,1,10,"g"
"1615",10,1,1,4,3,5,4,1,7,"g"
"1616",10,7,1,7,3,8,7,1,7,"g"
"1617",2,1,1,5,5,7,7,1,7,"g"
"1618",9,4,1,8,1,4,5,1,7,"g"
"1619",9,8,3,6,1,9,8,1,10,"g"
"1620",5,1,1,5,2,9,8,1,10,"g"
"1621",8,6,1,5,1,4,4,3,4,"g"
"1622",8,6,1,7,1,7,8,2,5,"g"
"1623",6,2,3,5,5,7,9,1,8,"g"
"1624",9,3,3,3,4,8,8,1,10,"g"
"1625",7,8,2,4,3,7,7,2,6,"g"
"1626",10,1,3,5,1,9,8,2,9,"g"
"1627",9,6,3,1,5,6,7,1,3,"g"
"1628",6,8,2,6,1,9,9,1,9,"g"
"1629",9,8,3,5,4,2,6,2,7,"g"
"1630",5,1,1,9,1,6,6,1,8,"g"
"1631",8,5,1,2,4,4,5,2,7,"g"
"1632",10,4,1,4,1,5,7,2,2,"g"
"1633",8,7,1,3,3,8,10,2,9,"g"
"1634",10,5,1,6,6,9,9,1,8,"g"
"1635",3,3,6,6,3,4,7,2,7,"g"
"1636",7,7,1,2,3,6,6,1,6,"g"
"1637",10,4,1,7,3,5,8,2,10,"g"
"1638",10,1,3,6,2,3,6,4,5,"g"
"1639",10,1,4,1,1,8,8,2,7,"g"
"1640",10,5,3,1,3,8,7,1,9,"g"
"1641",2,1,1,4,1,6,8,1,9,"g"
"1642",10,4,1,4,3,5,6,1,7,"g"
"1643",7,2,1,5,2,6,8,1,5,"g"
"1644",10,8,4,6,6,6,8,1,8,"g"
"1645",1,1,2,5,3,5,7,2,9,"g"
"1646",6,1,1,3,3,4,6,1,6,"g"
"1647",1,1,1,2,1,6,6,1,9,"g"
"1648",4,3,2,1,2,5,6,1,7,"g"
"1649",10,3,6,3,3,8,7,3,6,"g"
"1650",3,1,3,2,3,6,8,2,3,"g"
"1651",5,4,1,4,2,9,8,1,7,"g"
"1652",2,1,4,7,1,7,7,4,5,"g"
"1653",7,8,3,4,6,8,9,2,7,"g"
"1654",10,4,2,6,2,7,7,2,5,"g"
"1655",10,7,1,4,4,10,10,1,10,"g"
"1656",1,1,1,6,1,7,7,1,10,"g"
"1657",8,4,8,9,5,5,6,4,8,"g"
"1658",10,3,1,3,2,4,6,1,6,"g"
"1659",8,4,4,3,3,9,7,3,10,"g"
"1660",10,6,2,6,5,5,8,2,8,"g"
"1661",5,1,2,4,1,4,6,2,6,"g"
"1662",7,1,1,1,1,8,8,1,10,"g"
"1663",10,7,2,3,5,3,6,1,9,"g"
"1664",3,6,2,5,1,6,9,1,8,"g"
"1665",10,3,2,7,3,9,8,1,8,"g"
"1666",10,5,1,2,4,6,7,1,5,"g"
"1667",10,6,1,1,1,7,8,1,10,"g"
"1668",9,6,4,7,3,9,8,2,6,"g"
"1669",4,8,2,9,4,4,5,1,8,"g"
"1670",10,2,2,10,5,10,10,3,7,"g"
"1671",10,6,1,8,3,6,7,1,6,"g"
"1672",6,3,5,5,4,10,9,4,8,"g"
"1673",5,3,1,5,3,8,9,1,6,"g"
"1674",9,1,1,2,2,9,8,1,10,"g"
"1675",8,2,4,4,2,5,6,2,8,"g"
"1676",9,5,2,2,2,9,8,2,9,"g"
"1677",10,4,2,5,2,10,10,1,7,"g"
"1678",3,3,3,4,2,9,9,1,6,"g"
"1679",9,2,5,10,2,5,7,3,10,"g"
"1680",3,2,1,7,5,7,8,2,6,"g"
"1681",10,4,1,6,4,7,7,2,9,"g"
"1682",10,9,7,6,3,6,7,3,9,"g"
"1683",7,4,3,9,1,8,9,1,6,"g"
"1684",10,4,5,3,7,9,8,3,8,"g"
"1685",4,6,2,3,1,6,10,2,9,"g"
"1686",10,4,1,5,1,8,7,3,9,"g"
"1687",1,1,3,8,2,7,7,2,5,"g"
"1688",10,6,1,3,5,5,6,1,4,"g"
"1689",6,2,1,4,2,4,7,1,6,"g"
"1690",10,7,3,1,2,6,7,1,6,"g"
"1691",9,1,4,2,4,7,8,1,7,"g"
"1692",10,9,4,8,7,6,8,4,4,"g"
"1693",5,5,3,5,6,6,6,1,4,"g"
"1694",5,1,1,1,2,7,8,1,8,"g"
"1695",6,6,1,3,1,10,8,1,8,"g"
"1696",10,2,4,7,3,5,6,2,5,"g"
"1697",7,1,2,8,3,9,9,4,9,"g"
"1698",10,1,1,6,2,5,5,1,5,"g"
"1699",3,4,1,1,3,9,10,1,7,"g"
"1700",7,5,5,6,2,6,8,4,2,"g"
"1701",4,3,7,8,2,3,1,6,1,"h"
"1702",6,4,9,9,5,2,4,9,4,"h"
"1703",8,4,10,10,3,2,2,10,1,"h"
"1704",8,1,7,6,3,3,6,7,1,"h"
"1705",5,6,10,10,6,3,2,8,2,"h"
"1706",2,4,6,8,5,2,3,7,1,"h"
"1707",1,3,8,5,4,1,1,5,2,"h"
"1708",9,3,7,10,4,1,1,7,1,"h"
"1709",2,1,5,10,3,2,1,6,1,"h"
"1710",2,4,7,9,3,1,2,10,3,"h"
"1711",1,1,9,7,4,4,6,8,2,"h"
"1712",2,1,7,8,4,2,3,8,2,"h"
"1713",5,5,5,10,4,1,2,4,1,"h"
"1714",4,5,8,8,3,1,1,10,3,"h"
"1715",7,5,7,10,3,3,1,6,2,"h"
"1716",6,1,10,9,4,2,1,5,1,"h"
"1717",1,1,7,10,4,1,3,10,4,"h"
"1718",1,5,5,5,4,1,1,8,1,"h"
"1719",4,1,10,7,5,2,6,9,1,"h"
"1720",6,6,8,10,5,1,6,7,1,"h"
"1721",1,5,10,7,4,1,1,8,1,"h"
"1722",6,2,8,10,5,2,1,8,3,"h"
"1723",2,1,9,10,1,4,3,7,3,"h"
"1724",3,1,10,8,3,1,2,10,5,"h"
"1725",1,4,10,10,1,1,1,9,1,"h"
"1726",10,5,10,9,3,1,1,10,1,"h"
"1727",5,6,7,7,4,5,4,6,4,"h"
"1728",6,2,7,8,3,3,1,10,1,"h"
"1729",4,4,10,10,4,3,1,10,1,"h"
"1730",9,5,7,5,6,1,1,9,5,"h"
"1731",1,3,8,7,6,2,1,6,2,"h"
"1732",5,5,6,9,4,1,1,9,1,"h"
"1733",1,4,8,8,4,1,1,10,1,"h"
"1734",6,2,8,8,2,1,1,8,1,"h"
"1735",8,9,7,8,5,2,3,9,4,"h"
"1736",3,1,10,6,5,1,1,9,2,"h"
"1737",4,2,9,8,2,2,1,9,1,"h"
"1738",1,2,7,8,2,7,8,6,1,"h"
"1739",4,3,10,6,2,2,4,8,1,"h"
"1740",4,4,9,8,3,1,3,8,1,"h"
"1741",10,6,8,6,4,2,1,8,3,"h"
"1742",10,8,9,10,5,1,1,5,2,"h"
"1743",2,2,9,8,3,5,7,7,1,"h"
"1744",7,1,9,7,4,3,4,6,7,"h"
"1745",4,6,8,7,4,5,4,6,4,"h"
"1746",3,5,8,7,5,1,1,7,1,"h"
"1747",4,1,5,6,5,3,1,6,4,"h"
"1748",1,1,6,9,5,2,2,9,2,"h"
"1749",1,1,10,10,2,1,1,8,1,"h"
"1750",1,1,10,10,2,4,2,10,1,"h"
"1751",1,4,8,6,6,1,4,8,3,"h"
"1752",8,5,7,8,3,1,3,5,1,"h"
"1753",3,1,7,7,5,4,1,7,1,"h"
"1754",10,9,7,9,5,1,4,6,1,"h"
"1755",4,1,6,4,5,3,4,6,3,"h"
"1756",9,4,7,10,2,2,1,6,4,"h"
"1757",10,10,7,10,5,4,1,8,1,"h"
"1758",1,2,4,10,4,1,1,6,2,"h"
"1759",7,7,10,8,3,6,6,6,4,"h"
"1760",1,1,6,8,1,1,1,6,1,"h"
"1761",4,3,6,5,3,1,2,5,3,"h"
"1762",3,1,8,9,1,3,2,7,2,"h"
"1763",6,6,9,7,6,1,2,8,1,"h"
"1764",1,4,8,9,6,2,3,7,2,"h"
"1765",5,5,6,8,3,3,5,6,1,"h"
"1766",1,3,7,8,6,4,4,8,5,"h"
"1767",1,1,7,9,2,3,1,8,3,"h"
"1768",5,5,9,8,7,1,1,7,1,"h"
"1769",7,7,9,6,2,3,2,7,1,"h"
"1770",1,2,4,6,6,2,1,4,6,"h"
"1771",10,7,9,7,5,1,1,8,1,"h"
"1772",1,6,8,9,4,2,4,9,4,"h"
"1773",10,4,9,10,4,6,3,9,2,"h"
"1774",8,4,9,9,6,1,3,8,6,"h"
"1775",1,1,3,8,3,2,1,6,1,"h"
"1776",6,8,10,10,4,1,4,8,1,"h"
"1777",9,5,6,9,4,1,1,8,1,"h"
"1778",3,4,6,10,6,1,1,9,1,"h"
"1779",1,4,5,4,3,4,1,5,4,"h"
"1780",1,1,10,6,5,4,6,9,1,"h"
"1781",10,6,5,10,5,5,7,10,2,"h"
"1782",5,4,5,6,1,1,2,7,1,"h"
"1783",3,7,5,9,8,2,3,7,1,"h"
"1784",6,2,3,8,6,1,3,7,5,"h"
"1785",8,4,6,9,4,1,1,10,1,"h"
"1786",5,7,10,10,7,3,2,9,3,"h"
"1787",3,3,9,9,5,1,1,7,4,"h"
"1788",3,2,10,6,4,3,4,6,4,"h"
"1789",1,1,9,7,1,4,2,8,2,"h"
"1790",4,3,10,8,5,1,3,7,1,"h"
"1791",1,1,7,6,3,2,1,7,1,"h"
"1792",8,4,7,8,5,2,4,8,2,"h"
"1793",4,6,10,6,3,4,2,8,1,"h"
"1794",9,7,7,10,4,3,4,8,2,"h"
"1795",1,1,7,6,3,3,2,9,4,"h"
"1796",10,5,10,10,4,3,3,9,4,"h"
"1797",8,4,8,8,5,1,3,8,1,"h"
"1798",1,1,10,6,1,2,1,9,1,"h"
"1799",3,3,7,5,2,1,1,6,2,"h"
"1800",2,2,8,10,6,9,6,8,8,"h"
"1801",7,5,10,1,5,1,1,8,2,"i"
"1802",2,6,8,3,9,8,5,5,7,"i"
"1803",8,5,10,10,4,7,4,10,3,"i"
"1804",9,4,3,3,1,1,2,3,3,"i"
"1805",8,6,7,8,9,3,1,3,1,"i"
"1806",5,1,7,5,4,1,1,10,3,"i"
"1807",6,1,10,10,3,5,4,9,6,"i"
"1808",5,1,5,10,5,1,2,10,1,"i"
"1809",10,2,10,10,1,4,5,6,4,"i"
"1810",1,1,7,5,4,1,1,4,1,"i"
"1811",4,7,10,3,6,3,2,10,1,"i"
"1812",8,1,5,10,6,8,3,8,5,"i"
"1813",2,4,6,8,5,2,1,5,1,"i"
"1814",9,4,10,10,8,3,4,9,3,"i"
"1815",4,1,10,10,5,3,2,10,2,"i"
"1816",3,1,10,10,4,1,1,5,5,"i"
"1817",10,4,6,3,1,1,1,7,6,"i"
"1818",10,6,9,6,4,9,5,10,4,"i"
"1819",9,2,7,10,6,8,4,7,1,"i"
"1820",1,4,8,5,5,5,5,5,1,"i"
"1821",3,4,5,10,1,1,1,1,7,"i"
"1822",4,4,9,4,1,1,1,8,2,"i"
"1823",6,2,10,4,1,1,2,9,8,"i"
"1824",7,3,5,10,6,10,3,8,3,"i"
"1825",6,1,4,10,5,1,1,7,1,"i"
"1826",1,1,4,10,6,2,1,2,2,"i"
"1827",2,5,10,2,2,2,2,8,1,"i"
"1828",1,1,6,5,2,3,2,10,4,"i"
"1829",2,5,10,4,1,1,2,10,3,"i"
"1830",6,4,10,8,1,4,5,7,6,"i"
"1831",9,9,10,9,7,4,2,10,8,"i"
"1832",9,8,10,10,9,4,3,8,3,"i"
"1833",7,4,10,1,3,7,5,7,8,"i"
"1834",1,3,10,10,1,1,1,10,1,"i"
"1835",7,4,8,1,1,3,1,2,1,"i"
"1836",4,5,7,1,5,3,2,8,3,"i"
"1837",5,1,8,10,3,9,2,7,5,"i"
"1838",8,3,4,9,7,3,4,5,4,"i"
"1839",2,3,10,7,7,5,3,6,1,"i"
"1840",5,5,6,10,5,8,3,4,2,"i"
"1841",2,1,10,10,5,9,6,10,3,"i"
"1842",4,2,5,10,9,2,1,5,6,"i"
"1843",10,3,4,10,6,1,2,6,4,"i"
"1844",9,3,10,10,1,1,3,10,3,"i"
"1845",5,4,10,10,2,7,3,10,3,"i"
"1846",5,7,7,10,5,3,2,8,7,"i"
"1847",6,3,9,10,1,4,2,5,6,"i"
"1848",9,2,10,10,2,1,2,9,3,"i"
"1849",10,7,7,4,1,4,3,8,2,"i"
"1850",4,1,8,3,1,10,6,6,6,"i"
"1851",4,3,10,4,1,7,3,6,2,"i"
"1852",8,4,10,1,5,6,4,5,2,"i"
"1853",6,4,10,10,3,4,3,8,6,"i"
"1854",3,1,4,6,1,1,2,8,3,"i"
"1855",4,1,7,7,5,4,1,7,4,"i"
"1856",8,6,7,10,3,7,3,8,3,"i"
"1857",6,6,6,9,8,1,3,4,2,"i"
"1858",6,1,4,4,5,3,1,5,3,"i"
"1859",4,3,10,10,4,1,1,7,1,"i"
"1860",4,2,9,10,2,1,1,10,1,"i"
"1861",3,2,7,9,6,10,7,2,4,"i"
"1862",4,2,5,10,9,4,3,3,4,"i"
"1863",8,6,5,7,5,7,5,7,1,"i"
"1864",6,4,10,10,1,7,4,9,1,"i"
"1865",1,2,8,8,3,3,1,5,5,"i"
"1866",5,3,4,10,5,1,1,6,1,"i"
"1867",10,3,7,8,5,6,2,6,3,"i"
"1868",2,5,9,10,2,2,3,10,2,"i"
"1869",3,3,4,2,7,1,1,6,3,"i"
"1870",3,5,9,10,1,6,3,8,5,"i"
"1871",5,1,9,10,3,8,4,3,1,"i"
"1872",4,1,6,10,1,1,1,8,1,"i"
"1873",1,1,5,10,3,1,1,2,1,"i"
"1874",2,2,4,5,1,1,1,7,2,"i"
"1875",6,6,8,8,5,1,1,4,3,"i"
"1876",5,4,2,1,6,2,2,6,4,"i"
"1877",7,2,7,10,6,7,3,10,4,"i"
"1878",6,3,6,9,7,5,2,9,1,"i"
"1879",10,3,5,10,4,1,3,10,6,"i"
"1880",7,5,8,7,1,7,4,9,7,"i"
"1881",4,5,10,9,5,1,1,9,2,"i"
"1882",9,4,1,3,8,1,2,4,3,"i"
"1883",2,6,6,10,5,1,1,6,4,"i"
"1884",9,5,8,1,1,3,3,7,1,"i"
"1885",1,1,7,7,6,1,1,6,4,"i"
"1886",10,5,2,2,8,3,1,7,4,"i"
"1887",7,4,7,6,2,4,3,6,4,"i"
"1888",1,2,10,10,1,3,1,10,3,"i"
"1889",10,5,2,9,1,9,6,5,8,"i"
"1890",6,8,4,10,1,1,1,4,1,"i"
"1891",9,5,6,5,1,4,1,5,1,"i"
"1892",9,7,5,7,3,4,1,7,1,"i"
"1893",4,1,3,6,1,2,3,6,3,"i"
"1894",10,4,10,4,1,1,1,5,2,"i"
"1895",7,9,10,10,8,3,3,8,8,"i"
"1896",5,2,6,5,1,5,4,9,1,"i"
"1897",8,3,10,4,2,1,1,5,5,"i"
"1898",8,2,3,1,5,3,1,5,1,"i"
"1899",5,7,10,10,7,1,1,9,1,"i"
"1900",1,5,10,4,4,1,1,5,2,"i"
"1901",1,2,7,5,1,1,3,7,1,"j"
"1902",7,4,5,10,2,3,2,6,1,"j"
"1903",1,2,10,7,2,6,5,8,2,"j"
"1904",5,6,5,9,5,5,5,5,2,"j"
"1905",1,1,3,10,3,6,6,2,2,"j"
"1906",1,4,3,4,6,1,3,4,1,"j"
"1907",7,5,3,9,3,6,4,1,2,"j"
"1908",1,1,6,5,3,3,4,3,2,"j"
"1909",1,1,3,7,3,3,3,2,1,"j"
"1910",6,4,1,8,6,1,4,1,1,"j"
"1911",2,1,7,7,1,3,5,1,1,"j"
"1912",1,1,3,6,3,7,4,1,2,"j"
"1913",3,3,6,2,5,7,4,3,1,"j"
"1914",4,1,6,6,1,3,3,4,2,"j"
"1915",4,3,4,7,1,4,3,2,2,"j"
"1916",1,1,3,9,1,1,1,4,1,"j"
"1917",4,4,8,6,1,1,3,5,1,"j"
"1918",4,1,5,5,1,1,3,3,1,"j"
"1919",5,2,6,3,1,5,5,7,2,"j"
"1920",1,3,1,6,3,10,6,3,2,"j"
"1921",5,2,7,6,2,6,5,3,1,"j"
"1922",1,3,6,8,5,5,5,5,2,"j"
"1923",1,1,2,8,1,7,6,4,2,"j"
"1924",1,2,4,4,1,8,5,1,2,"j"
"1925",3,3,9,9,3,4,4,4,1,"j"
"1926",1,1,5,4,2,5,5,4,1,"j"
"1927",1,1,6,4,3,3,4,6,1,"j"
"1928",1,4,6,5,3,4,3,6,1,"j"
"1929",1,2,2,5,3,1,5,1,1,"j"
"1930",1,1,7,9,5,3,3,6,1,"j"
"1931",1,1,8,9,3,3,3,9,1,"j"
"1932",1,1,6,7,3,1,2,7,1,"j"
"1933",3,2,3,7,2,3,3,2,1,"j"
"1934",5,3,10,10,2,1,3,5,1,"j"
"1935",1,4,4,4,6,5,5,4,2,"j"
"1936",1,1,6,8,1,1,3,3,1,"j"
"1937",1,2,1,4,6,4,6,1,1,"j"
"1938",1,1,7,7,2,2,4,8,1,"j"
"1939",1,3,7,10,2,6,6,3,1,"j"
"1940",1,1,4,4,1,6,5,2,1,"j"
"1941",1,7,9,8,5,5,3,2,1,"j"
"1942",1,2,5,6,3,1,3,3,1,"j"
"1943",1,1,6,6,3,1,2,6,1,"j"
"1944",1,3,8,8,5,1,2,7,1,"j"
"1945",1,1,5,7,2,8,7,5,2,"j"
"1946",4,3,9,8,1,5,6,5,1,"j"
"1947",5,1,6,9,2,4,5,1,1,"j"
"1948",1,1,7,10,1,1,2,2,1,"j"
"1949",5,4,8,8,2,1,5,6,1,"j"
"1950",1,3,1,7,1,5,4,1,1,"j"
"1951",3,2,5,6,4,6,6,5,1,"j"
"1952",1,1,6,8,1,8,6,6,2,"j"
"1953",1,3,6,5,4,6,6,3,2,"j"
"1954",6,2,5,6,2,4,4,3,1,"j"
"1955",4,8,5,7,2,1,3,2,1,"j"
"1956",1,1,6,10,3,4,4,2,1,"j"
"1957",4,4,6,5,2,8,7,5,2,"j"
"1958",5,3,4,10,5,1,3,6,1,"j"
"1959",3,1,7,10,1,2,4,5,1,"j"
"1960",1,2,8,10,2,2,4,6,1,"j"
"1961",1,1,8,10,1,8,8,7,1,"j"
"1962",1,1,5,7,1,5,5,1,1,"j"
"1963",5,5,7,8,1,8,5,5,1,"j"
"1964",1,2,7,7,5,6,6,2,1,"j"
"1965",1,1,7,6,1,3,3,9,2,"j"
"1966",1,1,3,6,3,3,5,2,1,"j"
"1967",4,1,8,10,1,3,3,6,1,"j"
"1968",2,1,6,10,3,8,6,3,1,"j"
"1969",6,2,1,4,3,6,5,1,1,"j"
"1970",2,4,8,5,3,4,4,4,1,"j"
"1971",3,1,7,4,4,1,1,3,1,"j"
"1972",5,4,4,6,5,4,3,1,1,"j"
"1973",1,2,6,5,3,5,4,1,1,"j"
"1974",1,1,5,5,1,9,7,1,2,"j"
"1975",1,1,6,7,1,5,5,6,2,"j"
"1976",7,10,10,8,8,6,6,9,2,"j"
"1977",4,2,8,10,3,4,6,4,1,"j"
"1978",1,1,3,5,1,1,3,2,1,"j"
"1979",2,1,8,7,4,1,1,1,1,"j"
"1980",2,1,4,2,4,4,2,4,1,"j"
"1981",7,3,7,7,1,7,7,8,1,"j"
"1982",2,3,1,1,4,4,5,5,1,"j"
"1983",3,5,10,7,1,7,6,4,1,"j"
"1984",1,1,7,10,3,5,6,6,1,"j"
"1985",4,4,8,5,2,2,4,5,1,"j"
"1986",4,1,7,8,2,1,3,7,1,"j"
"1987",1,1,8,8,2,4,4,5,1,"j"
"1988",6,6,4,7,5,3,4,1,1,"j"
"1989",2,1,8,7,3,2,4,7,1,"j"
"1990",1,5,4,7,1,2,2,2,1,"j"
"1991",1,1,4,4,2,8,6,2,2,"j"
"1992",1,3,4,7,6,1,2,2,1,"j"
"1993",2,1,5,8,5,1,1,1,1,"j"
"1994",1,4,6,7,1,8,7,3,3,"j"
"1995",4,2,8,7,1,3,3,5,2,"j"
"1996",2,2,3,6,4,8,5,1,2,"j"
"1997",3,2,6,7,1,3,3,2,1,"j"
"1998",1,1,10,10,1,6,5,5,2,"j"
"1999",1,1,7,5,1,1,2,5,1,"j"
"2000",7,4,7,8,4,1,2,5,1,"j"
"2001",2,4,8,8,2,9,7,4,6,"a"
"2002",1,1,4,7,1,1,1,2,2,"a"
"2003",2,3,5,9,2,9,5,1,6,"a"
"2004",1,6,10,8,3,4,5,2,1,"a"
"2005",1,1,5,8,1,9,9,1,1,"a"
"2006",2,8,9,5,3,8,7,1,2,"a"
"2007",1,1,5,7,1,5,1,1,1,"a"
"2008",2,1,7,5,2,8,7,7,1,"a"
"2009",2,1,8,10,1,7,7,5,1,"a"
"2010",3,1,9,8,1,3,3,4,1,"a"
"2011",2,1,5,6,1,1,1,1,2,"a"
"2012",1,2,7,7,2,3,2,1,5,"a"
"2013",3,3,10,10,1,3,3,3,3,"a"
"2014",1,5,7,10,2,1,3,3,1,"a"
"2015",3,1,3,6,1,3,4,4,2,"a"
"2016",3,2,7,6,1,10,5,1,3,"a"
"2017",2,1,6,7,2,1,3,5,1,"a"
"2018",3,8,9,9,4,7,10,4,2,"a"
"2019",2,5,10,8,2,6,10,5,2,"a"
"2020",2,3,9,10,2,2,6,5,2,"a"
"2021",2,2,7,8,1,5,7,3,2,"a"
"2022",2,1,9,7,1,6,5,1,4,"a"
"2023",1,1,6,7,2,3,2,8,2,"a"
"2024",2,1,8,5,1,3,2,4,4,"a"
"2025",1,2,10,10,2,2,3,6,4,"a"
"2026",1,4,6,8,1,10,10,3,6,"a"
"2027",1,7,10,7,3,1,6,4,1,"a"
"2028",2,4,10,7,2,1,4,7,1,"a"
"2029",1,1,9,6,1,2,1,6,1,"a"
"2030",1,6,5,7,3,1,4,4,1,"a"
"2031",1,1,9,10,1,7,2,2,1,"a"
"2032",2,4,6,8,2,1,5,2,2,"a"
"2033",1,7,7,7,3,2,5,8,2,"a"
"2034",2,1,4,8,1,7,7,4,3,"a"
"2035",2,4,10,7,2,5,6,7,2,"a"
"2036",1,1,10,7,1,2,5,7,1,"a"
"2037",1,3,9,10,2,10,8,4,3,"a"
"2038",1,3,9,9,2,1,3,4,1,"a"
"2039",1,6,4,6,3,3,6,1,1,"a"
"2040",2,4,7,7,1,6,6,4,3,"a"
"2041",2,1,10,7,1,1,2,3,1,"a"
"2042",1,1,7,7,1,6,5,6,2,"a"
"2043",1,7,6,6,3,2,1,7,1,"a"
"2044",1,2,6,8,1,7,2,2,3,"a"
"2045",1,1,4,10,1,9,6,1,6,"a"
"2046",2,3,3,9,2,10,9,1,6,"a"
"2047",1,3,4,7,2,9,7,1,3,"a"
"2048",2,1,6,8,1,1,1,5,1,"a"
"2049",3,10,7,8,3,4,1,1,3,"a"
"2050",1,8,1,4,3,4,6,2,3,"a"
"2051",1,1,7,9,1,6,6,3,2,"a"
"2052",2,1,6,9,1,6,6,2,2,"a"
"2053",2,1,10,10,1,6,7,3,1,"a"
"2054",1,1,8,9,1,2,5,6,3,"a"
"2055",2,5,10,10,3,7,5,4,1,"a"
"2056",2,1,3,9,2,2,1,1,1,"a"
"2057",1,2,10,9,1,5,5,6,1,"a"
"2058",1,4,5,9,1,7,7,1,1,"a"
"2059",1,1,10,5,1,1,3,3,2,"a"
"2060",1,6,7,9,2,5,5,4,2,"a"
"2061",1,2,6,9,1,5,3,3,3,"a"
"2062",1,2,7,10,2,5,6,5,2,"a"
"2063",1,6,8,6,3,5,6,5,1,"a"
"2064",1,6,9,8,3,10,7,5,2,"a"
"2065",1,2,10,8,2,4,3,6,1,"a"
"2066",2,6,10,10,2,1,6,6,1,"a"
"2067",1,5,6,9,3,5,4,2,1,"a"
"2068",3,9,7,7,4,1,1,1,1,"a"
"2069",2,4,8,7,2,10,7,3,2,"a"
"2070",1,7,8,10,3,5,6,3,4,"a"
"2071",1,1,9,7,1,8,4,4,7,"a"
"2072",1,1,10,9,1,1,3,3,1,"a"
"2073",2,1,8,7,1,1,3,2,2,"a"
"2074",3,3,10,8,3,3,3,9,4,"a"
"2075",1,1,7,6,1,7,6,3,3,"a"
"2076",1,4,10,6,2,4,4,3,1,"a"
"2077",2,1,10,8,2,2,3,9,2,"a"
"2078",1,1,5,5,1,1,5,2,1,"a"
"2079",3,5,10,10,2,10,7,8,1,"a"
"2080",2,1,7,8,1,10,5,4,4,"a"
"2081",1,4,8,6,2,1,5,9,1,"a"
"2082",2,1,3,7,1,4,5,1,2,"a"
"2083",4,5,6,8,2,10,7,2,1,"a"
"2084",2,1,10,9,1,10,9,6,2,"a"
"2085",2,4,10,7,3,5,7,6,1,"a"
"2086",1,1,10,10,1,5,4,5,1,"a"
"2087",1,2,8,6,1,3,4,1,2,"a"
"2088",3,6,10,9,3,9,6,4,2,"a"
"2089",3,1,8,6,2,7,7,3,5,"a"
"2090",2,2,6,8,2,6,6,1,1,"a"
"2091",2,3,9,8,2,1,1,5,2,"a"
"2092",1,1,8,8,2,9,7,4,3,"a"
"2093",2,4,5,6,2,9,8,1,2,"a"
"2094",1,8,9,10,3,2,3,7,1,"a"
"2095",1,1,10,9,1,1,1,10,1,"a"
"2096",2,4,4,9,2,4,5,3,6,"a"
"2097",2,3,8,9,2,9,6,4,4,"a"
"2098",1,1,7,10,1,1,2,2,1,"a"
"2099",3,1,10,10,1,3,1,4,3,"a"
"2100",2,2,4,7,1,8,6,3,1,"a"
"2101",10,6,8,3,7,1,2,3,5,"b"
"2102",3,5,9,2,10,7,4,6,5,"b"
"2103",1,1,7,1,6,7,5,5,2,"b"
"2104",8,7,9,4,8,5,2,9,5,"b"
"2105",8,10,10,3,10,10,5,6,7,"b"
"2106",7,9,9,1,6,7,6,6,7,"b"
"2107",10,7,9,1,10,6,4,7,4,"b"
"2108",8,8,8,4,7,3,4,6,5,"b"
"2109",9,7,9,3,5,2,5,10,3,"b"
"2110",6,4,9,4,8,3,2,8,4,"b"
"2111",9,5,9,2,9,6,6,10,7,"b"
"2112",10,8,10,5,10,2,6,9,3,"b"
"2113",3,7,8,8,10,2,1,4,3,"b"
"2114",8,10,7,4,7,7,4,4,5,"b"
"2115",10,8,7,3,7,6,8,4,6,"b"
"2116",3,5,9,4,5,5,5,8,3,"b"
"2117",1,3,8,5,4,2,5,8,4,"b"
"2118",10,8,7,2,10,5,4,6,4,"b"
"2119",8,7,8,4,5,3,8,10,3,"b"
"2120",10,8,9,4,10,3,4,5,3,"b"
"2121",4,4,7,5,1,1,7,6,4,"b"
"2122",9,9,9,3,8,6,4,6,4,"b"
"2123",4,5,7,2,9,4,3,6,6,"b"
"2124",6,8,6,3,6,4,7,5,3,"b"
"2125",5,8,6,2,4,2,5,7,2,"b"
"2126",9,7,9,7,10,6,5,8,4,"b"
"2127",10,7,9,4,10,1,1,7,5,"b"
"2128",8,8,8,6,3,2,5,6,6,"b"
"2129",10,7,10,4,10,5,6,8,6,"b"
"2130",7,7,8,5,4,7,7,6,4,"b"
"2131",10,8,9,4,8,2,4,6,7,"b"
"2132",4,6,7,2,10,5,4,7,2,"b"
"2133",6,9,8,3,10,5,6,6,3,"b"
"2134",6,8,10,4,9,1,3,8,4,"b"
"2135",1,6,9,3,10,6,7,8,6,"b"
"2136",9,7,8,1,8,5,5,6,3,"b"
"2137",10,7,9,5,8,10,7,9,5,"b"
"2138",10,8,8,3,7,1,1,10,4,"b"
"2139",10,4,10,4,6,5,4,6,6,"b"
"2140",7,5,9,2,9,4,7,10,6,"b"
"2141",10,10,9,4,9,1,3,8,2,"b"
"2142",5,7,8,6,5,1,4,5,4,"b"
"2143",10,10,9,1,5,5,6,5,4,"b"
"2144",8,8,10,5,9,4,3,10,4,"b"
"2145",1,4,9,4,9,5,4,7,4,"b"
"2146",10,8,9,3,10,6,5,9,6,"b"
"2147",10,10,9,5,10,9,5,7,6,"b"
"2148",8,6,7,4,9,10,10,9,6,"b"
"2149",4,6,9,2,7,1,3,6,3,"b"
"2150",10,8,8,2,9,10,5,8,5,"b"
"2151",6,7,8,4,7,5,7,7,3,"b"
"2152",4,7,10,4,10,4,4,6,4,"b"
"2153",4,7,9,7,9,1,4,5,3,"b"
"2154",7,8,7,4,10,5,5,7,3,"b"
"2155",1,3,9,2,3,7,3,8,4,"b"
"2156",10,7,7,2,8,1,4,9,4,"b"
"2157",10,7,9,4,8,5,4,10,5,"b"
"2158",8,8,7,2,3,3,6,8,6,"b"
"2159",6,7,9,4,10,2,8,9,6,"b"
"2160",3,6,7,3,7,4,5,5,3,"b"
"2161",10,6,8,1,8,3,4,7,4,"b"
"2162",4,5,8,1,3,1,1,7,3,"b"
"2163",8,7,7,1,6,5,4,8,6,"b"
"2164",10,10,9,2,5,8,5,8,7,"b"
"2165",7,9,9,2,8,5,5,6,4,"b"
"2166",10,8,9,5,10,1,3,3,3,"b"
"2167",5,8,10,3,8,2,5,9,4,"b"
"2168",1,6,8,4,2,5,9,8,3,"b"
"2169",10,10,9,1,7,4,1,10,5,"b"
"2170",10,9,10,8,9,8,7,4,3,"b"
"2171",10,5,7,3,4,4,2,6,3,"b"
"2172",9,6,8,3,10,3,3,10,3,"b"
"2173",7,10,9,4,10,3,4,7,4,"b"
"2174",10,9,8,2,8,6,4,7,5,"b"
"2175",8,6,10,5,9,1,1,10,4,"b"
"2176",5,10,7,3,9,8,7,6,5,"b"
"2177",8,6,7,1,9,2,5,4,2,"b"
"2178",10,4,7,1,7,3,4,10,7,"b"
"2179",10,9,10,2,5,1,5,9,4,"b"
"2180",9,6,9,1,4,6,8,5,4,"b"
"2181",10,8,7,5,7,4,4,9,4,"b"
"2182",10,9,8,1,9,5,4,7,5,"b"
"2183",10,7,10,5,10,7,4,6,4,"b"
"2184",10,9,8,2,7,10,7,4,5,"b"
"2185",10,8,9,4,9,2,1,7,6,"b"
"2186",10,7,9,5,10,7,7,6,4,"b"
"2187",10,7,9,8,10,5,8,9,4,"b"
"2188",7,7,8,2,10,5,4,10,3,"b"
"2189",6,7,9,2,6,3,5,9,4,"b"
"2190",4,6,9,5,9,5,5,7,5,"b"
"2191",5,7,8,3,9,8,6,7,7,"b"
"2192",10,10,9,2,7,1,4,8,5,"b"
"2193",8,8,9,1,7,7,4,7,4,"b"
"2194",10,8,7,6,7,3,6,9,4,"b"
"2195",4,4,9,3,3,8,8,9,5,"b"
"2196",10,9,9,4,8,5,5,9,3,"b"
"2197",10,8,7,5,8,1,3,10,2,"b"
"2198",9,10,10,5,8,1,2,7,5,"b"
"2199",8,9,9,1,8,5,7,10,4,"b"
"2200",3,9,7,7,7,3,3,8,4,"b"
"2201",4,7,6,1,10,3,4,7,4,"c"
"2202",4,7,4,6,10,2,2,6,4,"c"
"2203",6,8,2,6,9,4,5,5,3,"c"
"2204",5,8,3,7,8,1,2,2,2,"c"
"2205",4,6,3,3,4,4,4,3,3,"c"
"2206",2,8,5,5,10,3,4,2,6,"c"
"2207",7,9,6,2,9,3,5,4,3,"c"
"2208",5,8,7,7,9,5,5,8,6,"c"
"2209",2,8,8,3,10,1,3,5,4,"c"
"2210",4,5,4,1,10,1,2,4,2,"c"
"2211",8,8,6,8,9,1,4,6,5,"c"
"2212",9,7,7,3,7,4,3,10,5,"c"
"2213",10,7,10,7,4,3,3,4,4,"c"
"2214",8,7,4,1,7,3,4,5,2,"c"
"2215",7,10,5,9,10,3,3,1,4,"c"
"2216",9,6,5,1,8,6,5,6,2,"c"
"2217",7,7,1,1,6,2,3,4,4,"c"
"2218",8,9,7,1,8,2,4,5,3,"c"
"2219",4,8,8,5,7,1,3,4,2,"c"
"2220",10,9,1,6,10,4,4,1,2,"c"
"2221",3,6,8,1,6,1,1,7,4,"c"
"2222",5,6,5,3,5,2,4,2,5,"c"
"2223",7,10,8,1,10,4,4,5,2,"c"
"2224",6,9,4,2,10,2,4,6,2,"c"
"2225",9,8,7,10,8,1,2,6,4,"c"
"2226",2,6,5,1,7,5,5,2,3,"c"
"2227",10,10,1,3,8,4,3,8,4,"c"
"2228",5,8,1,7,9,4,3,4,4,"c"
"2229",7,6,10,6,3,4,6,2,4,"c"
"2230",6,6,7,8,7,1,3,7,3,"c"
"2231",6,7,10,6,6,1,2,6,3,"c"
"2232",7,7,4,4,9,1,2,6,2,"c"
"2233",6,5,10,9,1,2,2,6,1,"c"
"2234",5,7,6,4,5,1,2,7,2,"c"
"2235",10,9,10,7,6,2,2,5,2,"c"
"2236",8,10,7,1,10,3,3,6,3,"c"
"2237",9,9,4,4,10,2,6,4,4,"c"
"2238",7,7,1,4,9,3,1,3,3,"c"
"2239",7,4,8,2,7,3,3,5,5,"c"
"2240",10,8,6,4,10,1,2,6,2,"c"
"2241",9,5,5,1,7,4,3,5,3,"c"
"2242",6,6,8,1,9,1,2,7,3,"c"
"2243",7,7,4,5,4,1,3,5,3,"c"
"2244",10,8,8,1,9,3,3,8,4,"c"
"2245",9,8,7,8,5,1,5,3,4,"c"
"2246",9,7,9,10,10,2,3,9,4,"c"
"2247",10,10,3,2,6,2,2,3,4,"c"
"2248",9,7,5,2,9,5,2,7,5,"c"
"2249",6,8,10,5,10,6,5,9,4,"c"
"2250",9,7,4,6,10,2,4,7,5,"c"
"2251",3,5,1,1,5,1,1,3,5,"c"
"2252",5,7,1,4,5,4,3,7,4,"c"
"2253",5,6,3,1,9,2,4,6,5,"c"
"2254",5,7,10,4,10,4,5,10,4,"c"
"2255",10,10,5,3,7,5,5,3,4,"c"
"2256",10,9,9,3,7,2,3,7,3,"c"
"2257",10,10,1,6,8,1,1,6,2,"c"
"2258",8,9,5,1,10,3,5,3,2,"c"
"2259",5,8,10,3,5,5,6,4,3,"c"
"2260",10,9,6,1,1,2,4,4,3,"c"
"2261",3,4,10,1,8,1,2,9,4,"c"
"2262",5,7,9,3,5,2,4,5,3,"c"
"2263",7,10,5,1,10,5,4,5,4,"c"
"2264",6,7,6,3,10,1,2,8,4,"c"
"2265",8,6,1,4,7,3,1,4,1,"c"
"2266",7,6,8,6,6,4,3,4,2,"c"
"2267",4,6,7,6,8,5,3,9,5,"c"
"2268",10,10,7,3,10,4,4,3,4,"c"
"2269",4,8,3,7,10,3,2,4,4,"c"
"2270",5,5,3,1,6,5,5,3,2,"c"
"2271",9,9,8,5,9,1,3,5,3,"c"
"2272",10,9,5,1,9,2,3,5,5,"c"
"2273",7,7,8,7,9,1,1,6,2,"c"
"2274",7,9,7,1,8,6,4,6,3,"c"
"2275",8,10,5,1,7,2,5,3,4,"c"
"2276",4,10,5,4,10,2,2,5,4,"c"
"2277",7,6,9,8,8,2,4,4,2,"c"
"2278",7,9,3,1,5,3,4,8,4,"c"
"2279",7,9,7,1,7,1,3,7,2,"c"
"2280",5,7,8,9,9,3,4,5,6,"c"
"2281",7,7,1,5,9,2,2,3,2,"c"
"2282",5,5,7,1,10,2,2,4,4,"c"
"2283",8,8,6,4,7,1,4,5,4,"c"
"2284",8,7,10,7,6,3,2,8,4,"c"
"2285",10,7,3,1,9,1,1,5,1,"c"
"2286",5,7,9,5,10,3,3,5,3,"c"
"2287",5,6,5,2,8,2,3,6,3,"c"
"2288",3,7,10,1,8,1,3,8,3,"c"
"2289",7,3,4,6,9,1,3,3,2,"c"
"2290",4,7,10,1,10,6,5,7,4,"c"
"2291",1,4,10,1,5,4,2,9,3,"c"
"2292",6,6,1,1,2,2,3,2,1,"c"
"2293",7,9,10,7,5,5,4,10,4,"c"
"2294",7,6,4,2,10,1,1,4,2,"c"
"2295",5,8,3,2,7,3,4,1,6,"c"
"2296",7,8,10,1,7,3,4,8,3,"c"
"2297",5,9,6,6,6,4,5,5,5,"c"
"2298",7,9,4,4,9,3,5,5,4,"c"
"2299",5,9,6,2,10,1,4,6,4,"c"
"2300",2,6,7,5,7,1,4,6,3,"c"
"2301",1,1,10,5,1,1,2,10,2,"d"
"2302",1,1,10,7,1,2,3,9,1,"d"
"2303",1,1,1,5,1,1,1,5,4,"d"
"2304",1,4,10,6,1,1,1,8,1,"d"
"2305",7,2,10,8,1,5,5,8,4,"d"
"2306",5,4,10,8,4,1,2,6,1,"d"
"2307",1,5,10,8,1,1,2,9,5,"d"
"2308",3,6,3,6,5,2,4,6,2,"d"
"2309",3,3,10,6,2,1,3,8,4,"d"
"2310",1,1,9,5,3,1,3,10,4,"d"
"2311",7,1,2,9,1,5,2,3,8,"d"
"2312",1,2,10,5,1,3,2,6,2,"d"
"2313",1,1,8,7,8,2,2,6,2,"d"
"2314",3,3,5,5,2,1,4,6,1,"d"
"2315",1,3,8,5,3,3,3,5,1,"d"
"2316",7,6,2,8,1,4,4,7,1,"d"
"2317",1,5,6,3,1,4,2,9,3,"d"
"2318",1,3,1,5,1,1,1,6,7,"d"
"2319",1,4,10,10,1,1,1,9,1,"d"
"2320",4,4,1,4,1,1,2,8,2,"d"
"2321",1,1,1,2,1,1,2,5,4,"d"
"2322",1,1,1,5,1,3,4,6,2,"d"
"2323",1,1,5,6,1,1,1,7,1,"d"
"2324",1,5,5,5,6,1,2,3,1,"d"
"2325",1,1,10,5,2,1,3,7,2,"d"
"2326",4,2,9,8,2,2,3,5,1,"d"
"2327",3,1,9,8,4,1,1,10,1,"d"
"2328",1,6,10,9,8,1,1,10,1,"d"
"2329",1,1,10,7,3,4,1,6,6,"d"
"2330",1,3,8,6,1,1,1,7,6,"d"
"2331",1,1,10,8,2,3,3,8,2,"d"
"2332",1,1,10,5,1,1,1,10,1,"d"
"2333",1,1,10,9,1,1,1,7,4,"d"
"2334",1,2,9,7,3,1,1,4,1,"d"
"2335",2,1,10,5,4,1,1,10,1,"d"
"2336",7,5,3,4,6,1,1,6,1,"d"
"2337",1,3,7,9,4,1,1,7,3,"d"
"2338",1,2,10,10,2,2,2,9,5,"d"
"2339",2,1,10,5,1,4,3,8,3,"d"
"2340",1,1,10,7,3,2,2,8,5,"d"
"2341",1,1,10,9,5,3,3,7,1,"d"
"2342",1,5,3,5,5,3,4,6,4,"d"
"2343",7,1,2,7,1,1,2,3,1,"d"
"2344",1,4,5,7,3,1,1,9,2,"d"
"2345",1,6,9,8,1,1,1,9,3,"d"
"2346",1,6,10,7,1,1,2,9,1,"d"
"2347",1,2,6,9,1,3,2,7,2,"d"
"2348",1,3,10,8,2,1,1,10,1,"d"
"2349",1,5,7,6,1,1,1,6,2,"d"
"2350",1,2,10,7,2,1,1,9,1,"d"
"2351",2,3,8,6,1,1,2,7,4,"d"
"2352",1,1,1,6,1,4,5,3,1,"d"
"2353",1,1,5,5,3,1,1,7,5,"d"
"2354",1,5,3,5,1,4,2,6,5,"d"
"2355",3,3,10,6,8,2,2,7,1,"d"
"2356",1,1,10,7,1,1,1,6,4,"d"
"2357",1,1,10,5,4,6,3,6,1,"d"
"2358",1,3,3,5,4,1,3,6,1,"d"
"2359",1,3,10,6,1,1,1,10,1,"d"
"2360",1,1,10,8,1,2,1,10,5,"d"
"2361",2,5,10,8,2,1,3,9,2,"d"
"2362",1,3,10,6,3,2,3,5,2,"d"
"2363",3,2,10,8,1,2,2,8,5,"d"
"2364",1,8,8,5,1,1,1,5,2,"d"
"2365",1,7,10,7,1,2,4,9,2,"d"
"2366",4,3,9,7,1,2,4,10,1,"d"
"2367",5,5,10,8,2,4,2,10,3,"d"
"2368",4,1,10,5,1,1,1,10,1,"d"
"2369",10,3,7,8,5,1,1,7,1,"d"
"2370",1,1,10,7,1,1,1,5,4,"d"
"2371",1,1,5,6,1,1,2,7,1,"d"
"2372",1,4,1,6,2,1,3,7,2,"d"
"2373",7,4,10,5,3,1,3,10,2,"d"
"2374",2,2,10,8,3,3,5,9,2,"d"
"2375",1,2,10,8,3,1,1,7,1,"d"
"2376",4,4,10,8,3,1,2,9,8,"d"
"2377",3,2,7,10,2,3,2,8,3,"d"
"2378",1,4,7,6,1,1,1,9,1,"d"
"2379",1,1,8,9,3,1,1,10,1,"d"
"2380",6,1,4,6,5,4,3,6,1,"d"
"2381",1,3,8,8,3,1,1,9,2,"d"
"2382",1,2,3,6,1,1,2,4,1,"d"
"2383",5,5,1,7,1,4,3,5,1,"d"
"2384",1,1,1,6,1,3,3,3,2,"d"
"2385",2,2,1,7,1,4,3,9,1,"d"
"2386",3,4,7,6,1,2,3,6,4,"d"
"2387",1,3,9,7,1,1,2,7,1,"d"
"2388",1,1,4,5,2,3,1,5,2,"d"
"2389",1,6,10,5,4,4,4,9,4,"d"
"2390",3,1,8,10,1,3,1,9,2,"d"
"2391",8,5,8,6,4,2,1,6,1,"d"
"2392",8,6,10,7,3,4,3,9,3,"d"
"2393",3,6,1,3,3,1,2,5,6,"d"
"2394",1,5,10,9,2,1,3,8,3,"d"
"2395",6,8,10,6,6,3,3,10,4,"d"
"2396",1,1,5,4,5,1,2,3,3,"d"
"2397",7,5,1,6,2,1,2,2,3,"d"
"2398",1,1,10,7,3,3,1,5,3,"d"
"2399",3,1,10,7,5,1,1,10,2,"d"
"2400",2,1,10,8,4,1,1,10,1,"d"
"2401",4,5,4,4,4,4,3,6,3,"e"
"2402",1,4,5,6,5,4,5,4,2,"e"
"2403",1,3,9,8,4,5,8,6,4,"e"
"2404",2,4,7,4,3,7,5,5,2,"e"
"2405",1,5,5,7,6,7,5,7,1,"e"
"2406",1,1,10,7,4,7,6,8,1,"e"
"2407",1,6,10,9,3,9,8,5,1,"e"
"2408",2,5,6,6,3,5,2,4,4,"e"
"2409",1,4,6,2,4,9,8,4,2,"e"
"2410",1,4,4,4,4,5,3,2,3,"e"
"2411",8,6,7,3,4,6,6,5,3,"e"
"2412",4,5,5,4,5,5,4,4,5,"e"
"2413",2,5,9,9,3,6,5,5,1,"e"
"2414",1,3,4,9,2,1,6,5,7,"e"
"2415",9,10,10,8,5,6,5,7,9,"e"
"2416",1,5,7,4,6,4,2,6,5,"e"
"2417",1,4,10,7,2,6,6,7,4,"e"
"2418",4,5,10,6,2,9,6,5,5,"e"
"2419",1,3,8,7,4,8,6,6,4,"e"
"2420",1,9,7,5,6,6,4,3,4,"e"
"2421",8,7,7,5,7,7,4,6,5,"e"
"2422",2,9,5,6,4,4,8,5,1,"e"
"2423",8,10,7,10,7,6,7,6,7,"e"
"2424",1,3,9,9,3,7,6,5,2,"e"
"2425",1,2,10,8,5,9,7,6,3,"e"
"2426",3,4,8,6,6,8,4,5,5,"e"
"2427",2,2,5,7,2,6,6,4,5,"e"
"2428",1,4,10,2,4,9,5,6,7,"e"
"2429",1,3,3,7,6,6,4,4,3,"e"
"2430",1,1,7,5,3,6,6,6,6,"e"
"2431",1,5,7,5,6,9,8,4,7,"e"
"2432",1,3,9,6,4,8,5,7,6,"e"
"2433",3,7,8,10,4,8,7,6,7,"e"
"2434",4,6,7,6,6,7,5,6,7,"e"
"2435",2,4,10,6,6,6,4,6,4,"e"
"2436",3,6,9,8,2,5,3,6,2,"e"
"2437",3,5,5,6,4,3,4,4,2,"e"
"2438",8,7,10,6,7,5,6,8,3,"e"
"2439",1,9,9,5,7,8,7,6,4,"e"
"2440",8,9,2,4,3,6,6,5,1,"e"
"2441",1,6,1,6,4,4,5,3,1,"e"
"2442",2,1,2,6,4,6,10,3,2,"e"
"2443",1,6,10,10,5,5,6,8,1,"e"
"2444",1,5,9,10,1,8,8,7,5,"e"
"2445",6,2,6,4,2,3,5,4,4,"e"
"2446",1,3,6,7,4,6,5,6,1,"e"
"2447",1,4,2,5,4,7,4,3,5,"e"
"2448",5,4,10,6,4,6,5,6,3,"e"
"2449",1,3,8,9,3,2,5,3,7,"e"
"2450",1,6,10,9,6,7,6,7,4,"e"
"2451",6,2,10,10,5,8,10,8,3,"e"
"2452",8,8,3,3,6,2,4,5,5,"e"
"2453",1,3,10,7,4,4,2,6,1,"e"
"2454",1,8,10,4,3,6,3,9,4,"e"
"2455",3,5,9,7,2,4,3,5,6,"e"
"2456",1,8,10,10,5,5,5,8,8,"e"
"2457",1,3,9,9,6,6,4,6,1,"e"
"2458",7,6,10,10,5,5,7,5,10,"e"
"2459",5,6,7,1,5,6,7,6,2,"e"
"2460",1,3,10,6,4,7,5,6,3,"e"
"2461",4,7,10,10,8,6,7,7,9,"e"
"2462",8,4,5,9,5,6,6,2,10,"e"
"2463",8,7,6,9,3,6,6,5,9,"e"
"2464",2,2,6,10,3,3,6,6,4,"e"
"2465",6,6,8,7,6,4,3,8,1,"e"
"2466",7,7,10,7,3,5,6,4,1,"e"
"2467",1,3,9,7,5,7,5,7,5,"e"
"2468",3,4,3,4,5,3,2,3,4,"e"
"2469",2,5,8,10,5,7,3,5,3,"e"
"2470",1,4,10,7,8,4,4,6,1,"e"
"2471",1,6,9,8,3,5,5,7,5,"e"
"2472",3,5,10,8,4,3,3,9,2,"e"
"2473",1,6,10,10,3,2,5,7,1,"e"
"2474",4,8,6,10,7,8,8,4,10,"e"
"2475",1,8,8,7,6,3,6,5,1,"e"
"2476",5,1,10,10,3,4,5,8,1,"e"
"2477",1,6,5,7,3,5,4,4,2,"e"
"2478",6,7,10,9,6,6,5,7,4,"e"
"2479",2,7,3,5,5,9,8,4,1,"e"
"2480",1,7,10,8,4,4,6,5,10,"e"
"2481",1,5,10,8,6,4,4,6,1,"e"
"2482",3,3,5,5,4,2,6,4,6,"e"
"2483",4,5,10,10,4,3,3,7,2,"e"
"2484",1,7,9,10,8,5,5,6,3,"e"
"2485",1,1,3,2,4,4,6,4,2,"e"
"2486",1,3,10,6,4,3,2,6,1,"e"
"2487",2,1,4,9,4,7,4,4,5,"e"
"2488",1,5,5,5,6,6,4,4,4,"e"
"2489",1,3,10,5,4,6,6,5,5,"e"
"2490",3,3,10,6,5,3,6,5,1,"e"
"2491",1,5,3,7,4,9,8,4,2,"e"
"2492",3,4,7,6,6,5,4,6,6,"e"
"2493",2,5,10,9,4,6,7,7,7,"e"
"2494",1,8,10,6,6,7,8,8,3,"e"
"2495",3,4,10,10,3,9,6,6,6,"e"
"2496",5,5,9,8,4,8,7,7,1,"e"
"2497",2,3,10,10,4,9,4,8,2,"e"
"2498",1,8,7,7,5,6,6,3,2,"e"
"2499",1,4,10,8,2,6,6,10,2,"e"
"2500",1,6,10,4,5,6,5,8,4,"e"
"2501",4,8,1,8,8,7,9,1,9,"f"
"2502",4,7,1,5,5,8,9,3,8,"f"
"2503",7,6,1,10,8,6,7,1,7,"f"
"2504",8,7,3,5,8,4,5,4,8,"f"
"2505",8,6,5,10,10,7,6,1,8,"f"
"2506",5,5,1,3,4,6,5,1,6,"f"
"2507",10,8,1,7,10,6,6,3,9,"f"
"2508",10,7,1,5,3,7,5,4,6,"f"
"2509",4,5,1,1,10,4,9,1,6,"f"
"2510",2,4,2,1,1,6,6,1,6,"f"
"2511",2,3,6,7,5,7,8,1,6,"f"
"2512",7,6,3,6,3,7,4,1,5,"f"
"2513",4,9,4,2,5,8,7,7,10,"f"
"2514",7,7,2,8,7,6,7,2,8,"f"
"2515",6,4,1,9,8,7,4,7,9,"f"
"2516",6,5,6,1,3,7,5,3,6,"f"
"2517",1,2,1,10,1,7,8,1,8,"f"
"2518",5,6,1,3,6,7,3,5,8,"f"
"2519",6,6,4,10,6,6,6,3,6,"f"
"2520",3,5,3,4,10,5,5,1,4,"f"
"2521",1,7,1,10,2,7,9,1,6,"f"
"2522",1,4,5,10,7,6,5,4,4,"f"
"2523",2,4,1,3,4,6,9,10,8,"f"
"2524",5,8,1,8,7,5,7,1,4,"f"
"2525",8,10,4,4,5,5,9,2,7,"f"
"2526",1,3,3,5,1,6,8,1,9,"f"
"2527",4,7,1,2,7,5,6,3,7,"f"
"2528",6,4,1,4,3,8,8,6,8,"f"
"2529",7,5,2,10,3,7,6,1,8,"f"
"2530",1,6,3,8,5,9,8,2,7,"f"
"2531",1,2,1,7,10,6,7,2,9,"f"
"2532",7,7,1,10,10,5,7,1,5,"f"
"2533",2,3,1,2,5,7,6,1,7,"f"
"2534",10,4,1,6,10,7,8,1,9,"f"
"2535",8,8,5,4,10,9,9,2,9,"f"
"2536",2,2,2,3,4,7,7,1,6,"f"
"2537",6,3,2,7,5,2,6,5,6,"f"
"2538",8,6,1,10,4,6,4,1,7,"f"
"2539",9,6,3,3,7,6,10,2,9,"f"
"2540",2,4,3,9,4,8,6,6,7,"f"
"2541",9,7,3,5,8,9,6,10,8,"f"
"2542",6,7,3,10,4,7,9,4,5,"f"
"2543",2,3,1,3,1,8,10,2,10,"f"
"2544",2,3,1,3,2,7,7,3,10,"f"
"2545",7,6,1,7,4,4,6,3,8,"f"
"2546",3,4,5,1,10,8,8,5,8,"f"
"2547",7,6,4,7,5,7,8,1,8,"f"
"2548",5,5,1,7,3,8,5,4,5,"f"
"2549",5,6,1,1,7,6,7,4,8,"f"
"2550",2,6,2,7,6,6,3,1,9,"f"
"2551",1,6,4,6,5,4,4,1,6,"f"
"2552",4,8,2,6,5,8,7,5,9,"f"
"2553",1,6,5,3,10,7,3,6,7,"f"
"2554",4,6,1,2,2,2,3,1,5,"f"
"2555",1,4,1,2,1,6,8,1,8,"f"
"2556",1,3,3,2,10,4,8,1,5,"f"
"2557",5,6,2,9,1,9,8,3,10,"f"
"2558",10,6,3,3,9,6,7,5,4,"f"
"2559",3,3,1,10,9,8,5,2,4,"f"
"2560",7,5,3,3,10,6,9,1,6,"f"
"2561",6,3,5,5,6,5,4,2,8,"f"
"2562",5,6,1,2,5,8,10,1,5,"f"
"2563",3,4,1,6,4,9,10,5,9,"f"
"2564",5,5,4,6,7,6,5,3,7,"f"
"2565",5,5,3,4,4,6,5,1,8,"f"
"2566",5,5,4,3,6,9,10,1,9,"f"
"2567",10,6,2,2,3,8,9,3,10,"f"
"2568",4,4,1,9,10,9,8,3,8,"f"
"2569",1,8,1,4,10,6,7,4,8,"f"
"2570",1,3,2,8,10,5,5,6,7,"f"
"2571",4,4,6,4,6,9,10,1,10,"f"
"2572",4,1,1,4,5,7,3,6,7,"f"
"2573",3,5,1,9,8,7,7,1,7,"f"
"2574",6,5,5,8,3,8,8,4,7,"f"
"2575",3,3,5,1,9,8,8,4,8,"f"
"2576",2,3,5,9,10,5,6,3,6,"f"
"2577",2,5,1,2,1,7,7,3,6,"f"
"2578",8,3,2,6,5,5,7,1,7,"f"
"2579",1,4,6,2,8,6,5,7,6,"f"
"2580",2,3,6,10,8,7,7,1,6,"f"
"2581",8,6,2,5,4,4,6,4,6,"f"
"2582",1,5,1,6,10,10,7,5,8,"f"
"2583",1,7,1,3,5,6,6,2,8,"f"
"2584",1,4,2,5,7,7,8,4,7,"f"
"2585",2,4,1,4,7,7,8,3,6,"f"
"2586",1,4,3,6,7,7,8,4,4,"f"
"2587",1,2,1,7,3,6,6,8,7,"f"
"2588",1,3,1,2,6,10,8,2,7,"f"
"2589",4,6,1,6,6,10,8,5,9,"f"
"2590",4,7,3,7,6,9,9,2,8,"f"
"2591",4,8,1,8,6,5,4,1,7,"f"
"2592",1,3,4,10,9,7,8,3,6,"f"
"2593",6,6,2,6,6,7,5,5,9,"f"
"2594",3,6,1,5,7,7,8,4,8,"f"
"2595",7,5,1,10,6,5,6,4,6,"f"
"2596",4,5,2,3,5,4,3,5,4,"f"
"2597",2,3,1,2,5,7,9,6,6,"f"
"2598",1,3,1,4,6,6,7,2,10,"f"
"2599",3,5,1,6,1,8,8,2,7,"f"
"2600",10,10,2,1,10,2,6,1,8,"f"
"2601",8,3,1,4,3,5,6,2,5,"g"
"2602",9,5,4,3,3,6,6,3,9,"g"
"2603",10,4,2,2,2,4,7,2,5,"g"
"2604",4,1,1,3,3,8,10,1,10,"g"
"2605",9,4,2,6,4,7,7,2,6,"g"
"2606",10,7,6,6,5,2,5,3,8,"g"
"2607",8,5,1,1,1,8,8,1,10,"g"
"2608",10,6,2,7,5,5,4,2,5,"g"
"2609",8,4,1,4,3,7,6,2,10,"g"
"2610",7,3,2,10,3,7,8,2,6,"g"
"2611",10,5,1,2,1,9,6,1,9,"g"
"2612",2,1,1,3,1,7,8,1,3,"g"
"2613",8,5,1,7,2,6,9,2,8,"g"
"2614",7,7,1,1,4,9,9,1,10,"g"
"2615",10,1,1,4,3,5,4,1,7,"g"
"2616",10,7,1,7,3,8,7,1,7,"g"
"2617",2,1,1,5,5,7,7,1,7,"g"
"2618",9,4,1,8,1,4,5,1,7,"g"
"2619",9,8,3,6,1,9,8,1,10,"g"
"2620",5,1,1,5,2,9,8,1,10,"g"
"2621",8,6,1,5,1,4,4,3,4,"g"
"2622",8,6,1,7,1,7,8,2,5,"g"
"2623",6,2,3,5,5,7,9,1,8,"g"
"2624",9,3,3,3,4,8,8,1,10,"g"
"2625",7,8,2,4,3,7,7,2,6,"g"
"2626",10,1,3,5,1,9,8,2,9,"g"
"2627",9,6,3,1,5,6,7,1,3,"g"
"2628",6,8,2,6,1,9,9,1,9,"g"
"2629",9,8,3,5,4,2,6,2,7,"g"
"2630",5,1,1,9,1,6,6,1,8,"g"
"2631",8,5,1,2,4,4,5,2,7,"g"
"2632",10,4,1,4,1,5,7,2,2,"g"
"2633",8,7,1,3,3,8,10,2,9,"g"
"2634",10,5,1,6,6,9,9,1,8,"g"
"2635",3,3,6,6,3,4,7,2,7,"g"
"2636",7,7,1,2,3,6,6,1,6,"g"
"2637",10,4,1,7,3,5,8,2,10,"g"
"2638",10,1,3,6,2,3,6,4,5,"g"
"2639",10,1,4,1,1,8,8,2,7,"g"
"2640",10,5,3,1,3,8,7,1,9,"g"
"2641",2,1,1,4,1,6,8,1,9,"g"
"2642",10,4,1,4,3,5,6,1,7,"g"
"2643",7,2,1,5,2,6,8,1,5,"g"
"2644",10,8,4,6,6,6,8,1,8,"g"
"2645",1,1,2,5,3,5,7,2,9,"g"
"2646",6,1,1,3,3,4,6,1,6,"g"
"2647",1,1,1,2,1,6,6,1,9,"g"
"2648",4,3,2,1,2,5,6,1,7,"g"
"2649",10,3,6,3,3,8,7,3,6,"g"
"2650",3,1,3,2,3,6,8,2,3,"g"
"2651",5,4,1,4,2,9,8,1,7,"g"
"2652",2,1,4,7,1,7,7,4,5,"g"
"2653",7,8,3,4,6,8,9,2,7,"g"
"2654",10,4,2,6,2,7,7,2,5,"g"
"2655",10,7,1,4,4,10,10,1,10,"g"
"2656",1,1,1,6,1,7,7,1,10,"g"
"2657",8,4,8,9,5,5,6,4,8,"g"
"2658",10,3,1,3,2,4,6,1,6,"g"
"2659",8,4,4,3,3,9,7,3,10,"g"
"2660",10,6,2,6,5,5,8,2,8,"g"
"2661",5,1,2,4,1,4,6,2,6,"g"
"2662",7,1,1,1,1,8,8,1,10,"g"
"2663",10,7,2,3,5,3,6,1,9,"g"
"2664",3,6,2,5,1,6,9,1,8,"g"
"2665",10,3,2,7,3,9,8,1,8,"g"
"2666",10,5,1,2,4,6,7,1,5,"g"
"2667",10,6,1,1,1,7,8,1,10,"g"
"2668",9,6,4,7,3,9,8,2,6,"g"
"2669",4,8,2,9,4,4,5,1,8,"g"
"2670",10,2,2,10,5,10,10,3,7,"g"
"2671",10,6,1,8,3,6,7,1,6,"g"
"2672",6,3,5,5,4,10,9,4,8,"g"
"2673",5,3,1,5,3,8,9,1,6,"g"
"2674",9,1,1,2,2,9,8,1,10,"g"
"2675",8,2,4,4,2,5,6,2,8,"g"
"2676",9,5,2,2,2,9,8,2,9,"g"
"2677",10,4,2,5,2,10,10,1,7,"g"
"2678",3,3,3,4,2,9,9,1,6,"g"
"2679",9,2,5,10,2,5,7,3,10,"g"
"2680",3,2,1,7,5,7,8,2,6,"g"
"2681",10,4,1,6,4,7,7,2,9,"g"
"2682",10,9,7,6,3,6,7,3,9,"g"
"2683",7,4,3,9,1,8,9,1,6,"g"
"2684",10,4,5,3,7,9,8,3,8,"g"
"2685",4,6,2,3,1,6,10,2,9,"g"
"2686",10,4,1,5,1,8,7,3,9,"g"
"2687",1,1,3,8,2,7,7,2,5,"g"
"2688",10,6,1,3,5,5,6,1,4,"g"
"2689",6,2,1,4,2,4,7,1,6,"g"
"2690",10,7,3,1,2,6,7,1,6,"g"
"2691",9,1,4,2,4,7,8,1,7,"g"
"2692",10,9,4,8,7,6,8,4,4,"g"
"2693",5,5,3,5,6,6,6,1,4,"g"
"2694",5,1,1,1,2,7,8,1,8,"g"
"2695",6,6,1,3,1,10,8,1,8,"g"
"2696",10,2,4,7,3,5,6,2,5,"g"
"2697",7,1,2,8,3,9,9,4,9,"g"
"2698",10,1,1,6,2,5,5,1,5,"g"
"2699",3,4,1,1,3,9,10,1,7,"g"
"2700",7,5,5,6,2,6,8,4,2,"g"
"2701",4,3,7,8,2,3,1,6,1,"h"
"2702",6,4,9,9,5,2,4,9,4,"h"
"2703",8,4,10,10,3,2,2,10,1,"h"
"2704",8,1,7,6,3,3,6,7,1,"h"
"2705",5,6,10,10,6,3,2,8,2,"h"
"2706",2,4,6,8,5,2,3,7,1,"h"
"2707",1,3,8,5,4,1,1,5,2,"h"
"2708",9,3,7,10,4,1,1,7,1,"h"
"2709",2,1,5,10,3,2,1,6,1,"h"
"2710",2,4,7,9,3,1,2,10,3,"h"
"2711",1,1,9,7,4,4,6,8,2,"h"
"2712",2,1,7,8,4,2,3,8,2,"h"
"2713",5,5,5,10,4,1,2,4,1,"h"
"2714",4,5,8,8,3,1,1,10,3,"h"
"2715",7,5,7,10,3,3,1,6,2,"h"
"2716",6,1,10,9,4,2,1,5,1,"h"
"2717",1,1,7,10,4,1,3,10,4,"h"
"2718",1,5,5,5,4,1,1,8,1,"h"
"2719",4,1,10,7,5,2,6,9,1,"h"
"2720",6,6,8,10,5,1,6,7,1,"h"
"2721",1,5,10,7,4,1,1,8,1,"h"
"2722",6,2,8,10,5,2,1,8,3,"h"
"2723",2,1,9,10,1,4,3,7,3,"h"
"2724",3,1,10,8,3,1,2,10,5,"h"
"2725",1,4,10,10,1,1,1,9,1,"h"
"2726",10,5,10,9,3,1,1,10,1,"h"
"2727",5,6,7,7,4,5,4,6,4,"h"
"2728",6,2,7,8,3,3,1,10,1,"h"
"2729",4,4,10,10,4,3,1,10,1,"h"
"2730",9,5,7,5,6,1,1,9,5,"h"
"2731",1,3,8,7,6,2,1,6,2,"h"
"2732",5,5,6,9,4,1,1,9,1,"h"
"2733",1,4,8,8,4,1,1,10,1,"h"
"2734",6,2,8,8,2,1,1,8,1,"h"
"2735",8,9,7,8,5,2,3,9,4,"h"
"2736",3,1,10,6,5,1,1,9,2,"h"
"2737",4,2,9,8,2,2,1,9,1,"h"
"2738",1,2,7,8,2,7,8,6,1,"h"
"2739",4,3,10,6,2,2,4,8,1,"h"
"2740",4,4,9,8,3,1,3,8,1,"h"
"2741",10,6,8,6,4,2,1,8,3,"h"
"2742",10,8,9,10,5,1,1,5,2,"h"
"2743",2,2,9,8,3,5,7,7,1,"h"
"2744",7,1,9,7,4,3,4,6,7,"h"
"2745",4,6,8,7,4,5,4,6,4,"h"
"2746",3,5,8,7,5,1,1,7,1,"h"
"2747",4,1,5,6,5,3,1,6,4,"h"
"2748",1,1,6,9,5,2,2,9,2,"h"
"2749",1,1,10,10,2,1,1,8,1,"h"
"2750",1,1,10,10,2,4,2,10,1,"h"
"2751",1,4,8,6,6,1,4,8,3,"h"
"2752",8,5,7,8,3,1,3,5,1,"h"
"2753",3,1,7,7,5,4,1,7,1,"h"
"2754",10,9,7,9,5,1,4,6,1,"h"
"2755",4,1,6,4,5,3,4,6,3,"h"
"2756",9,4,7,10,2,2,1,6,4,"h"
"2757",10,10,7,10,5,4,1,8,1,"h"
"2758",1,2,4,10,4,1,1,6,2,"h"
"2759",7,7,10,8,3,6,6,6,4,"h"
"2760",1,1,6,8,1,1,1,6,1,"h"
"2761",4,3,6,5,3,1,2,5,3,"h"
"2762",3,1,8,9,1,3,2,7,2,"h"
"2763",6,6,9,7,6,1,2,8,1,"h"
"2764",1,4,8,9,6,2,3,7,2,"h"
"2765",5,5,6,8,3,3,5,6,1,"h"
"2766",1,3,7,8,6,4,4,8,5,"h"
"2767",1,1,7,9,2,3,1,8,3,"h"
"2768",5,5,9,8,7,1,1,7,1,"h"
"2769",7,7,9,6,2,3,2,7,1,"h"
"2770",1,2,4,6,6,2,1,4,6,"h"
"2771",10,7,9,7,5,1,1,8,1,"h"
"2772",1,6,8,9,4,2,4,9,4,"h"
"2773",10,4,9,10,4,6,3,9,2,"h"
"2774",8,4,9,9,6,1,3,8,6,"h"
"2775",1,1,3,8,3,2,1,6,1,"h"
"2776",6,8,10,10,4,1,4,8,1,"h"
"2777",9,5,6,9,4,1,1,8,1,"h"
"2778",3,4,6,10,6,1,1,9,1,"h"
"2779",1,4,5,4,3,4,1,5,4,"h"
"2780",1,1,10,6,5,4,6,9,1,"h"
"2781",10,6,5,10,5,5,7,10,2,"h"
"2782",5,4,5,6,1,1,2,7,1,"h"
"2783",3,7,5,9,8,2,3,7,1,"h"
"2784",6,2,3,8,6,1,3,7,5,"h"
"2785",8,4,6,9,4,1,1,10,1,"h"
"2786",5,7,10,10,7,3,2,9,3,"h"
"2787",3,3,9,9,5,1,1,7,4,"h"
"2788",3,2,10,6,4,3,4,6,4,"h"
"2789",1,1,9,7,1,4,2,8,2,"h"
"2790",4,3,10,8,5,1,3,7,1,"h"
"2791",1,1,7,6,3,2,1,7,1,"h"
"2792",8,4,7,8,5,2,4,8,2,"h"
"2793",4,6,10,6,3,4,2,8,1,"h"
"2794",9,7,7,10,4,3,4,8,2,"h"
"2795",1,1,7,6,3,3,2,9,4,"h"
"2796",10,5,10,10,4,3,3,9,4,"h"
"2797",8,4,8,8,5,1,3,8,1,"h"
"2798",1,1,10,6,1,2,1,9,1,"h"
"2799",3,3,7,5,2,1,1,6,2,"h"
"2800",2,2,8,10,6,9,6,8,8,"h"
"2801",7,5,10,1,5,1,1,8,2,"i"
"2802",2,6,8,3,9,8,5,5,7,"i"
"2803",8,5,10,10,4,7,4,10,3,"i"
"2804",9,4,3,3,1,1,2,3,3,"i"
"2805",8,6,7,8,9,3,1,3,1,"i"
"2806",5,1,7,5,4,1,1,10,3,"i"
"2807",6,1,10,10,3,5,4,9,6,"i"
"2808",5,1,5,10,5,1,2,10,1,"i"
"2809",10,2,10,10,1,4,5,6,4,"i"
"2810",1,1,7,5,4,1,1,4,1,"i"
"2811",4,7,10,3,6,3,2,10,1,"i"
"2812",8,1,5,10,6,8,3,8,5,"i"
"2813",2,4,6,8,5,2,1,5,1,"i"
"2814",9,4,10,10,8,3,4,9,3,"i"
"2815",4,1,10,10,5,3,2,10,2,"i"
"2816",3,1,10,10,4,1,1,5,5,"i"
"2817",10,4,6,3,1,1,1,7,6,"i"
"2818",10,6,9,6,4,9,5,10,4,"i"
"2819",9,2,7,10,6,8,4,7,1,"i"
"2820",1,4,8,5,5,5,5,5,1,"i"
"2821",3,4,5,10,1,1,1,1,7,"i"
"2822",4,4,9,4,1,1,1,8,2,"i"
"2823",6,2,10,4,1,1,2,9,8,"i"
"2824",7,3,5,10,6,10,3,8,3,"i"
"2825",6,1,4,10,5,1,1,7,1,"i"
"2826",1,1,4,10,6,2,1,2,2,"i"
"2827",2,5,10,2,2,2,2,8,1,"i"
"2828",1,1,6,5,2,3,2,10,4,"i"
"2829",2,5,10,4,1,1,2,10,3,"i"
"2830",6,4,10,8,1,4,5,7,6,"i"
"2831",9,9,10,9,7,4,2,10,8,"i"
"2832",9,8,10,10,9,4,3,8,3,"i"
"2833",7,4,10,1,3,7,5,7,8,"i"
"2834",1,3,10,10,1,1,1,10,1,"i"
"2835",7,4,8,1,1,3,1,2,1,"i"
"2836",4,5,7,1,5,3,2,8,3,"i"
"2837",5,1,8,10,3,9,2,7,5,"i"
"2838",8,3,4,9,7,3,4,5,4,"i"
"2839",2,3,10,7,7,5,3,6,1,"i"
"2840",5,5,6,10,5,8,3,4,2,"i"
"2841",2,1,10,10,5,9,6,10,3,"i"
"2842",4,2,5,10,9,2,1,5,6,"i"
"2843",10,3,4,10,6,1,2,6,4,"i"
"2844",9,3,10,10,1,1,3,10,3,"i"
"2845",5,4,10,10,2,7,3,10,3,"i"
"2846",5,7,7,10,5,3,2,8,7,"i"
"2847",6,3,9,10,1,4,2,5,6,"i"
"2848",9,2,10,10,2,1,2,9,3,"i"
"2849",10,7,7,4,1,4,3,8,2,"i"
"2850",4,1,8,3,1,10,6,6,6,"i"
"2851",4,3,10,4,1,7,3,6,2,"i"
"2852",8,4,10,1,5,6,4,5,2,"i"
"2853",6,4,10,10,3,4,3,8,6,"i"
"2854",3,1,4,6,1,1,2,8,3,"i"
"2855",4,1,7,7,5,4,1,7,4,"i"
"2856",8,6,7,10,3,7,3,8,3,"i"
"2857",6,6,6,9,8,1,3,4,2,"i"
"2858",6,1,4,4,5,3,1,5,3,"i"
"2859",4,3,10,10,4,1,1,7,1,"i"
"2860",4,2,9,10,2,1,1,10,1,"i"
"2861",3,2,7,9,6,10,7,2,4,"i"
"2862",4,2,5,10,9,4,3,3,4,"i"
"2863",8,6,5,7,5,7,5,7,1,"i"
"2864",6,4,10,10,1,7,4,9,1,"i"
"2865",1,2,8,8,3,3,1,5,5,"i"
"2866",5,3,4,10,5,1,1,6,1,"i"
"2867",10,3,7,8,5,6,2,6,3,"i"
"2868",2,5,9,10,2,2,3,10,2,"i"
"2869",3,3,4,2,7,1,1,6,3,"i"
"2870",3,5,9,10,1,6,3,8,5,"i"
"2871",5,1,9,10,3,8,4,3,1,"i"
"2872",4,1,6,10,1,1,1,8,1,"i"
"2873",1,1,5,10,3,1,1,2,1,"i"
"2874",2,2,4,5,1,1,1,7,2,"i"
"2875",6,6,8,8,5,1,1,4,3,"i"
"2876",5,4,2,1,6,2,2,6,4,"i"
"2877",7,2,7,10,6,7,3,10,4,"i"
"2878",6,3,6,9,7,5,2,9,1,"i"
"2879",10,3,5,10,4,1,3,10,6,"i"
"2880",7,5,8,7,1,7,4,9,7,"i"
"2881",4,5,10,9,5,1,1,9,2,"i"
"2882",9,4,1,3,8,1,2,4,3,"i"
"2883",2,6,6,10,5,1,1,6,4,"i"
"2884",9,5,8,1,1,3,3,7,1,"i"
"2885",1,1,7,7,6,1,1,6,4,"i"
"2886",10,5,2,2,8,3,1,7,4,"i"
"2887",7,4,7,6,2,4,3,6,4,"i"
"2888",1,2,10,10,1,3,1,10,3,"i"
"2889",10,5,2,9,1,9,6,5,8,"i"
"2890",6,8,4,10,1,1,1,4,1,"i"
"2891",9,5,6,5,1,4,1,5,1,"i"
"2892",9,7,5,7,3,4,1,7,1,"i"
"2893",4,1,3,6,1,2,3,6,3,"i"
"2894",10,4,10,4,1,1,1,5,2,"i"
"2895",7,9,10,10,8,3,3,8,8,"i"
"2896",5,2,6,5,1,5,4,9,1,"i"
"2897",8,3,10,4,2,1,1,5,5,"i"
"2898",8,2,3,1,5,3,1,5,1,"i"
"2899",5,7,10,10,7,1,1,9,1,"i"
"2900",1,5,10,4,4,1,1,5,2,"i"
"2901",1,2,7,5,1,1,3,7,1,"j"
"2902",7,4,5,10,2,3,2,6,1,"j"
"2903",1,2,10,7,2,6,5,8,2,"j"
"2904",5,6,5,9,5,5,5,5,2,"j"
"2905",1,1,3,10,3,6,6,2,2,"j"
"2906",1,4,3,4,6,1,3,4,1,"j"
"2907",7,5,3,9,3,6,4,1,2,"j"
"2908",1,1,6,5,3,3,4,3,2,"j"
"2909",1,1,3,7,3,3,3,2,1,"j"
"2910",6,4,1,8,6,1,4,1,1,"j"
"2911",2,1,7,7,1,3,5,1,1,"j"
"2912",1,1,3,6,3,7,4,1,2,"j"
"2913",3,3,6,2,5,7,4,3,1,"j"
"2914",4,1,6,6,1,3,3,4,2,"j"
"2915",4,3,4,7,1,4,3,2,2,"j"
"2916",1,1,3,9,1,1,1,4,1,"j"
"2917",4,4,8,6,1,1,3,5,1,"j"
"2918",4,1,5,5,1,1,3,3,1,"j"
"2919",5,2,6,3,1,5,5,7,2,"j"
"2920",1,3,1,6,3,10,6,3,2,"j"
"2921",5,2,7,6,2,6,5,3,1,"j"
"2922",1,3,6,8,5,5,5,5,2,"j"
"2923",1,1,2,8,1,7,6,4,2,"j"
"2924",1,2,4,4,1,8,5,1,2,"j"
"2925",3,3,9,9,3,4,4,4,1,"j"
"2926",1,1,5,4,2,5,5,4,1,"j"
"2927",1,1,6,4,3,3,4,6,1,"j"
"2928",1,4,6,5,3,4,3,6,1,"j"
"2929",1,2,2,5,3,1,5,1,1,"j"
"2930",1,1,7,9,5,3,3,6,1,"j"
"2931",1,1,8,9,3,3,3,9,1,"j"
"2932",1,1,6,7,3,1,2,7,1,"j"
"2933",3,2,3,7,2,3,3,2,1,"j"
"2934",5,3,10,10,2,1,3,5,1,"j"
"2935",1,4,4,4,6,5,5,4,2,"j"
"2936",1,1,6,8,1,1,3,3,1,"j"
"2937",1,2,1,4,6,4,6,1,1,"j"
"2938",1,1,7,7,2,2,4,8,1,"j"
"2939",1,3,7,10,2,6,6,3,1,"j"
"2940",1,1,4,4,1,6,5,2,1,"j"
"2941",1,7,9,8,5,5,3,2,1,"j"
"2942",1,2,5,6,3,1,3,3,1,"j"
"2943",1,1,6,6,3,1,2,6,1,"j"
"2944",1,3,8,8,5,1,2,7,1,"j"
"2945",1,1,5,7,2,8,7,5,2,"j"
"2946",4,3,9,8,1,5,6,5,1,"j"
"2947",5,1,6,9,2,4,5,1,1,"j"
"2948",1,1,7,10,1,1,2,2,1,"j"
"2949",5,4,8,8,2,1,5,6,1,"j"
"2950",1,3,1,7,1,5,4,1,1,"j"
"2951",3,2,5,6,4,6,6,5,1,"j"
"2952",1,1,6,8,1,8,6,6,2,"j"
"2953",1,3,6,5,4,6,6,3,2,"j"
"2954",6,2,5,6,2,4,4,3,1,"j"
"2955",4,8,5,7,2,1,3,2,1,"j"
"2956",1,1,6,10,3,4,4,2,1,"j"
"2957",4,4,6,5,2,8,7,5,2,"j"
"2958",5,3,4,10,5,1,3,6,1,"j"
"2959",3,1,7,10,1,2,4,5,1,"j"
"2960",1,2,8,10,2,2,4,6,1,"j"
"2961",1,1,8,10,1,8,8,7,1,"j"
"2962",1,1,5,7,1,5,5,1,1,"j"
"2963",5,5,7,8,1,8,5,5,1,"j"
"2964",1,2,7,7,5,6,6,2,1,"j"
"2965",1,1,7,6,1,3,3,9,2,"j"
"2966",1,1,3,6,3,3,5,2,1,"j"
"2967",4,1,8,10,1,3,3,6,1,"j"
"2968",2,1,6,10,3,8,6,3,1,"j"
"2969",6,2,1,4,3,6,5,1,1,"j"
"2970",2,4,8,5,3,4,4,4,1,"j"
"2971",3,1,7,4,4,1,1,3,1,"j"
"2972",5,4,4,6,5,4,3,1,1,"j"
"2973",1,2,6,5,3,5,4,1,1,"j"
"2974",1,1,5,5,1,9,7,1,2,"j"
"2975",1,1,6,7,1,5,5,6,2,"j"
"2976",7,10,10,8,8,6,6,9,2,"j"
"2977",4,2,8,10,3,4,6,4,1,"j"
"2978",1,1,3,5,1,1,3,2,1,"j"
"2979",2,1,8,7,4,1,1,1,1,"j"
"2980",2,1,4,2,4,4,2,4,1,"j"
"2981",7,3,7,7,1,7,7,8,1,"j"
"2982",2,3,1,1,4,4,5,5,1,"j"
"2983",3,5,10,7,1,7,6,4,1,"j"
"2984",1,1,7,10,3,5,6,6,1,"j"
"2985",4,4,8,5,2,2,4,5,1,"j"
"2986",4,1,7,8,2,1,3,7,1,"j"
"2987",1,1,8,8,2,4,4,5,1,"j"
"2988",6,6,4,7,5,3,4,1,1,"j"
"2989",2,1,8,7,3,2,4,7,1,"j"
"2990",1,5,4,7,1,2,2,2,1,"j"
"2991",1,1,4,4,2,8,6,2,2,"j"
"2992",1,3,4,7,6,1,2,2,1,"j"
"2993",2,1,5,8,5,1,1,1,1,"j"
"2994",1,4,6,7,1,8,7,3,3,"j"
"2995",4,2,8,7,1,3,3,5,2,"j"
"2996",2,2,3,6,4,8,5,1,2,"j"
"2997",3,2,6,7,1,3,3,2,1,"j"
"2998",1,1,10,10,1,6,5,5,2,"j"
"2999",1,1,7,5,1,1,2,5,1,"j"
"3000",7,4,7,8,4,1,2,5,1,"j"
